nav_title,current_path,proposed_section,proposed_path,change_type,annotation,status
Home,_docs/_user_guide/introduction.md,Home,_docs/_user_guide/home.md,unchanged,,
Get started,_docs/_user_guide/brazeai/decisioning_studio/getting_started.md,Get started,_docs/_user_guide/get_started.md,unchanged,Braze overview becomes landing page,
Users and segments,_docs/_user_guide/getting_started/users_segments.md,Get started > Users and segments,_docs/_user_guide/get_started/users_and_segments.md,moved,,
Campaigns and Canvases,_docs/_user_guide/getting_started/campaigns_canvases.md,Get started > Campaigns and Canvases,_docs/_user_guide/get_started/campaigns_and_canvases.md,moved,,
Workspaces,_docs/_user_guide/getting_started/workspaces.md,Get started > Workspaces,_docs/_user_guide/get_started/workspaces.md,moved,,
Integrations,_docs/_user_guide/getting_started/integration.md,Get started > Integrations,_docs/_user_guide/get_started/integrations.md,moved,,
SDK overview,_docs/_user_guide/getting_started/web_sdk.md,Get started > SDK overview,_docs/_user_guide/get_started/sdk_overview.md,moved,,
Terms to know,_docs/_user_guide/getting_started/terms_to_know.md,Get started > Terms to know,_docs/_user_guide/get_started/terms_to_know.md,moved,,
Braze Pilot,_docs/_user_guide/getting_started/braze_pilot.md,Get started > Braze Pilot,_docs/_user_guide/get_started/braze_pilot.md,moved,,
B2B use cases,_docs/_user_guide/getting_started/b2b_use_cases.md,Get started > B2B use cases,_docs/_user_guide/get_started/b2b_use_cases.md,moved,,
Administer,_docs/_user_guide/administrative.md,Administer,_docs/_user_guide/administer.md,unchanged,,
Personal,_docs/_user_guide/data/unification/cloud_ingestion/zero_copy_sync.md,Administer > Personal,_docs/_user_guide/administer/personal.md,moved,,
Accessing your account,_docs/_user_guide/administrative/access_braze/accessing_your_account.md,Administer > Personal > Accessing your account,_docs/_user_guide/administer/personal/accessing_your_account.md,merged,"combines ""Accessing your account"" and ""Troubleshooting Braze access""",
The Braze dashboard,_docs/_user_guide/administrative/access_braze/braze_dashboard.md,Administer > Personal > The Braze dashboard,_docs/_user_guide/administer/personal/the_braze_dashboard.md,moved,,
Language settings,_docs/_user_guide/administrative/access_braze/language.md,Administer > Personal > Language settings,_docs/_user_guide/administer/personal/language_settings.md,moved,,
Product portal,_docs/_user_guide/administrative/access_braze/portal.md,Administer > Personal > Product portal,_docs/_user_guide/administer/personal/product_portal.md,moved,,
Braze support,_docs/_user_guide/administrative/access_braze/support.md,Administer > Personal > Braze support,_docs/_user_guide/administer/personal/braze_support.md,moved,,
Global,_docs/_user_guide/analytics/reporting/global_control_group_reporting.md,Administer > Global,_docs/_user_guide/administer/global.md,moved,,
User management,_docs/_user_guide/message_building_by_channel/line/line_users/user_management.md,Administer > Global > User management,_docs/_user_guide/administer/global/user_management.md,moved,,
Manage Braze users,_docs/_user_guide/administrative/app_settings/manage_your_braze_users.md,Administer > Global > User management > Manage Braze users,_docs/_user_guide/administer/global/user_management/manage_braze_users.md,moved,,
Permissions,_docs/_user_guide/administrative/app_settings/manage_your_braze_users/user_permissions.md,Administer > Global > User management > Permissions,_docs/_user_guide/administer/global/user_management/permissions.md,moved,,
Teams,_docs/_user_guide/administrative/app_settings/manage_your_braze_users/teams.md,Administer > Global > User management > Teams,_docs/_user_guide/administer/global/user_management/teams.md,moved,,
Automated user provisioning,_docs/_user_guide/administrative/app_settings/company_settings/automated_user_provisioning.md,Administer > Global > User management > Automated user provisioning,_docs/_user_guide/administer/global/user_management/automated_user_provisioning.md,moved,,
Internal groups,_docs/_user_guide/administrative/app_settings/internal_groups_tab.md,Administer > Global > User management > Internal groups,_docs/_user_guide/administer/global/user_management/internal_groups.md,moved,,
SAML & single sign-on,_docs/_user_guide/administrative/access_braze/single_sign_on.md,Administer > Global > SAML & single sign-on,_docs/_user_guide/administer/global/saml_single_signon.md,moved,,
SAML SSO setup,_docs/_user_guide/administrative/access_braze/single_sign_on/set_up.md,Administer > Global > SAML & single sign-on > SAML SSO setup,_docs/_user_guide/administer/global/saml_single_signon/saml_sso_setup.md,moved,,
SAML Just-in-Time provisioning,_docs/_user_guide/administrative/access_braze/single_sign_on/saml_jit.md,Administer > Global > SAML & single sign-on > SAML Just-in-Time provisioning,_docs/_user_guide/administer/global/saml_single_signon/saml_justintime_provisioning.md,moved,,
Microsoft Entra SSO,_docs/_user_guide/administrative/access_braze/single_sign_on/entra.md,Administer > Global > SAML & single sign-on > Microsoft Entra SSO,_docs/_user_guide/administer/global/saml_single_signon/microsoft_entra_sso.md,moved,,
Okta,_docs/_user_guide/administrative/access_braze/single_sign_on/okta.md,Administer > Global > SAML & single sign-on > Okta,_docs/_user_guide/administer/global/saml_single_signon/okta.md,moved,,
OneLogin,_docs/_user_guide/administrative/access_braze/single_sign_on/onelogin.md,Administer > Global > SAML & single sign-on > OneLogin,_docs/_user_guide/administer/global/saml_single_signon/onelogin.md,moved,,
Create and manage workspaces,_docs/_user_guide/administrative/app_settings/workspaces.md,Administer > Global > Create and manage workspaces,_docs/_user_guide/administer/global/create_and_manage_workspaces.md,moved,,
Workspace settings,_docs/_user_guide/getting_started/workspaces.md,Administer > Global > Workspace settings,_docs/_user_guide/administer/global/workspace_settings.md,moved,,
APIs and identifiers,_docs/_user_guide/administrative/app_settings/api_settings_tab.md,Administer > Global > Workspace settings > APIs and identifiers,_docs/_user_guide/administer/global/workspace_settings/apis_and_identifiers.md,moved,,
Brand guidelines,_docs/_user_guide/administrative/app_settings/brand_guidelines.md,Administer > Global > Workspace settings > Brand guidelines,_docs/_user_guide/administer/global/workspace_settings/brand_guidelines.md,moved,,
Email preferences,_docs/_user_guide/administrative/app_settings/email_settings.md,Administer > Global > Workspace settings > Email preferences,_docs/_user_guide/administer/global/workspace_settings/email_preferences.md,moved,,
API usage alerts,_docs/_user_guide/analytics/dashboard/api_usage_alerts.md,Administer > Global > Workspace settings > Logs and alerts > API usage alerts,_docs/_user_guide/administer/global/workspace_settings/logs_and_alerts/api_usage_alerts.md,moved,,
Event user log,_docs/_user_guide/administrative/app_settings/event_user_log_tab.md,Administer > Global > Workspace settings > Logs and alerts > Event user log,_docs/_user_guide/administer/global/workspace_settings/logs_and_alerts/event_user_log.md,moved,,
Exports log,_docs/_user_guide/administrative/app_settings/exports_log.md,Administer > Global > Workspace settings > Logs and alerts > Exports log,_docs/_user_guide/administer/global/workspace_settings/logs_and_alerts/exports_log.md,moved,,
Message activity log,_docs/_user_guide/administrative/app_settings/message_activity_log_tab.md,Administer > Global > Workspace settings > Logs and alerts > Message activity log,_docs/_user_guide/administer/global/workspace_settings/logs_and_alerts/message_activity_log.md,moved,,
Multi-language settings,_docs/_user_guide/administrative/app_settings/multi_language_settings.md,Administer > Global > Workspace settings > Multi-language settings,_docs/_user_guide/administer/global/workspace_settings/multilanguage_settings.md,moved,,
Push settings,_docs/_user_guide/administrative/app_settings/push_settings.md,Administer > Global > Workspace settings > Push settings,_docs/_user_guide/administer/global/workspace_settings/push_settings.md,moved,,
Tags,_docs/_user_guide/administrative/app_settings/tags.md,Administer > Global > Workspace settings > Tags,_docs/_user_guide/administer/global/workspace_settings/tags.md,moved,,
Company settings,_docs/_user_guide/administrative/app_settings/company_settings.md,Administer > Global > Company settings,_docs/_user_guide/administer/global/company_settings.md,moved,,
Contact information,_docs/_user_guide/administrative/app_settings/company_settings/contact_information.md,Administer > Global > Company settings > Contact information,_docs/_user_guide/administer/global/company_settings/contact_information.md,moved,,
Notification preferences,_docs/_user_guide/administrative/app_settings/company_settings/notification_preferences.md,Administer > Global > Company settings > Notification preferences,_docs/_user_guide/administer/global/company_settings/notification_preferences.md,moved,,
Security settings,_docs/_user_guide/administrative/app_settings/company_settings/security_settings.md,Administer > Global > Company settings > Security settings,_docs/_user_guide/administer/global/company_settings/security_settings.md,moved,,
Billing,_docs/_user_guide/administrative/app_settings/subscription_and_usage.md,Administer > Global > Billing,_docs/_user_guide/administer/global/billing.md,moved,,
Message Usage Dashboard,_docs/_user_guide/message_building_by_channel/sms_mms_rcs/message_usage.md,Administer > Global > Billing > Message Usage Dashboard,_docs/_user_guide/administer/global/billing/message_usage_dashboard.md,renamed,"renaming to ""Credits dashboard"" soon""",
Privacy,_docs/_user_guide/administrative/privacy.md,Administer > Global > Privacy,_docs/_user_guide/administer/global/privacy.md,moved,,
Data,_docs/_user_guide/data.md,Data,_docs/_user_guide/data.md,removed,landing page becomes introduction to BDP. Remove BDP article,
Unification,_docs/_user_guide/data/unification.md,Data > Unification,_docs/_user_guide/data/unification.md,unchanged,,
Cloud Data Ingestion,_docs/_user_guide/data/unification/cloud_ingestion.md,Data > Unification > Cloud Data Ingestion,_docs/_user_guide/data/unification/cloud_data_ingestion.md,unchanged,,
Best practices,_docs/_user_guide/data/unification/cloud_ingestion/best_practices.md,Data > Unification > Cloud Data Ingestion > Best practices,_docs/_user_guide/data/unification/cloud_data_ingestion/best_practices.md,unchanged,,
Connected Sources,_docs/_user_guide/data/unification/cloud_ingestion/connected_sources.md,Data > Unification > Cloud Data Ingestion > Connected Sources,_docs/_user_guide/data/unification/cloud_data_ingestion/connected_sources.md,unchanged,,
Data warehouse integrations,_docs/_user_guide/data/unification/cloud_ingestion/integrations.md,Data > Unification > Cloud Data Ingestion > Data warehouse integrations,_docs/_user_guide/data/unification/cloud_data_ingestion/data_warehouse_integrations.md,unchanged,,
File storage integrations,_docs/_user_guide/data/unification/cloud_ingestion/file_storage_integrations.md,Data > Unification > Cloud Data Ingestion > File storage integrations,_docs/_user_guide/data/unification/cloud_data_ingestion/file_storage_integrations.md,unchanged,,
Sync and delete account data,_docs/_user_guide/data/unification/cloud_ingestion/sync_accounts_data.md,Data > Unification > Cloud Data Ingestion > Sync and delete account data,_docs/_user_guide/data/unification/cloud_data_ingestion/sync_and_delete_account_data.md,unchanged,,
Sync and delete catalog data,_docs/_user_guide/data/unification/cloud_ingestion/sync_catalogs_data.md,Data > Unification > Cloud Data Ingestion > Sync and delete catalog data,_docs/_user_guide/data/unification/cloud_data_ingestion/sync_and_delete_catalog_data.md,unchanged,,
Zero-copy personalization,_docs/_user_guide/data/unification/cloud_ingestion/zero_copy_sync.md,Data > Unification > Cloud Data Ingestion > Zero-copy personalization,_docs/_user_guide/data/unification/cloud_data_ingestion/zerocopy_personalization.md,unchanged,,
Sync logs and observability,_docs/_user_guide/data/unification/cloud_ingestion/sync_logs.md,Data > Unification > Cloud Data Ingestion > Sync logs and observability,_docs/_user_guide/data/unification/cloud_data_ingestion/sync_logs_and_observability.md,unchanged,,
Delete users with CDI,_docs/_user_guide/data/unification/cloud_ingestion/delete_users.md,Data > Unification > Cloud Data Ingestion > Delete users with CDI,_docs/_user_guide/data/unification/cloud_data_ingestion/delete_users_with_cdi.md,unchanged,,
FAQ,_docs/_user_guide/data/distribution/braze_currents/faq.md,Data > Unification > Cloud Data Ingestion > FAQ,_docs/_user_guide/data/unification/cloud_data_ingestion/faq.md,unchanged,,
Data Transformation,_docs/_user_guide/data/unification/data_transformation.md,Data > Unification > Data Transformation,_docs/_user_guide/data/unification/data_transformation.md,unchanged,,
Create a formula,_docs/_user_guide/data/unification/creating_a_formula.md,Data > Unification > Create a formula,_docs/_user_guide/data/unification/create_a_formula.md,unchanged,,
User data,_docs/_user_guide/data/unification/user_data.md,Data > Unification > User data,_docs/_user_guide/data/unification/user_data.md,unchanged,,
SDK data collection,_docs/_user_guide/data/unification/user_data/sdk_data_collection.md,Data > Unification > User data > SDK data collection,_docs/_user_guide/data/unification/user_data/sdk_data_collection.md,unchanged,,
User profile lifecycle,_docs/_user_guide/data/unification/user_data/user_profile_lifecycle.md,Data > Unification > User data > User profile lifecycle,_docs/_user_guide/data/unification/user_data/user_profile_lifecycle.md,unchanged,,
Anonymous users,_docs/_user_guide/data/unification/user_data/user_profile_lifecycle/anonymous_users.md,Data > Unification > User data > Anonymous users,_docs/_user_guide/data/unification/user_data/anonymous_users.md,unchanged,,
Collection use case,_docs/_user_guide/data/unification/user_data/collection_use_case.md,Data > Unification > User data > Collection use case,_docs/_user_guide/data/unification/user_data/collection_use_case.md,unchanged,,
Collection best practices,_docs/_user_guide/data/unification/user_data/best_practices.md,Data > Unification > User data > Collection best practices,_docs/_user_guide/data/unification/user_data/collection_best_practices.md,unchanged,,
Language codes,_docs/_user_guide/data/unification/user_data/language_codes.md,Data > Unification > User data > Language codes,_docs/_user_guide/data/unification/user_data/language_codes.md,unchanged,,
Activation,_docs/_user_guide/data/activation.md,Data > Activation,_docs/_user_guide/data/activation.md,removed,Landing page describes what “custom data” means in Braze. Includes tile linking to Report metrics glossary. Remove glossary link from left-nav,
Attributes,,Data > Activation > Attributes,_docs/_user_guide/data/activation/attributes.md,new,"new landing page, an overview of attributes similar to the one for events",
Custom attributes,_docs/_user_guide/data/activation/custom_data/custom_attributes.md,Data > Activation > Attributes > Custom attributes,_docs/_user_guide/data/activation/attributes/custom_attributes.md,unchanged,,
Array of objects,_docs/_user_guide/data/activation/custom_data/custom_attributes/array_of_objects.md,Data > Activation > Attributes > Array of objects,_docs/_user_guide/data/activation/attributes/array_of_objects.md,unchanged,,
Nested custom attributes,_docs/_user_guide/data/activation/custom_data/custom_attributes/nested_custom_attribute_support.md,Data > Activation > Attributes > Nested custom attributes,_docs/_user_guide/data/activation/attributes/nested_custom_attributes.md,unchanged,,
Data types,,Data > Activation > Attributes > Data types,_docs/_user_guide/data/activation/attributes/data_types.md,new,"new article, pulls ""Custom attribute data types"" content",
Events,_docs/_user_guide/data/activation/custom_data/events.md,Data > Activation > Events,_docs/_user_guide/data/activation/events.md,updated,update landing page with recommended events,
Custom events,_docs/_user_guide/data/activation/custom_data/custom_events.md,Data > Activation > Events > Custom events,_docs/_user_guide/data/activation/events/custom_events.md,unchanged,,
Recommented events,_docs/_user_guide/data/activation/custom_data/recommended_events.md,Data > Activation > Events > Recommented events,_docs/_user_guide/data/activation/events/recommented_events.md,unchanged,,
eCommerce recommended events,_docs/_user_guide/data/activation/custom_data/recommended_events/ecommerce_events.md,Data > Activation > Events > Recommented events > eCommerce recommended events,_docs/_user_guide/data/activation/events/recommented_events/ecommerce_recommended_events.md,unchanged,,
Purchase events,_docs/_user_guide/data/activation/custom_data/purchase_events.md,Data > Activation > Events > Recommented events > Purchase events,_docs/_user_guide/data/activation/events/recommented_events/purchase_events.md,unchanged,,
Event naming conventions,_docs/_user_guide/data/activation/custom_data/event_naming_conventions.md,Data > Activation > Events > Event naming conventions,_docs/_user_guide/data/activation/events/event_naming_conventions.md,unchanged,,
Catalogs,_docs/_user_guide/data/activation/catalogs.md,Data > Activation > Catalogs,_docs/_user_guide/data/activation/catalogs.md,unchanged,,
Tags,_docs/_user_guide/administrative/app_settings/tags.md,Data > Activation > Tags,_docs/_user_guide/data/activation/tags.md,moved,,
Manage custom data,,Data > Activation > Manage custom data,_docs/_user_guide/data/activation/manage_custom_data.md,new,"new article, one page for how to manage custom events / attributes. Topics to include: Adding descriptions, adding tags, blocklisting, pre-populating custom data, managing event properties, forcing data type comparisons, removing events or attributes, marking custom attributes as PII",
Blocklist custom data,,Data > Activation > Blocklist custom data,_docs/_user_guide/data/activation/blocklist_custom_data.md,new,new article one page for how to blocklist and delete custom events and attributes,
Distribution,_docs/_user_guide/data/distribution.md,Data > Distribution,_docs/_user_guide/data/distribution.md,unchanged,,
Currents,_docs/_user_guide/data/distribution/braze_currents.md,Data > Distribution > Currents,_docs/_user_guide/data/distribution/currents.md,unchanged,,
Set up Currents,_docs/_user_guide/data/distribution/braze_currents/setting_up_currents.md,Data > Distribution > Currents > Set up Currents,_docs/_user_guide/data/distribution/currents/set_up_currents.md,unchanged,,
Available partners,_docs/_user_guide/data/distribution/braze_currents/available_partners.md,Data > Distribution > Currents > Set up Currents > Available partners,_docs/_user_guide/data/distribution/currents/set_up_currents/available_partners.md,unchanged,,
Event delivery semantics,_docs/_user_guide/data/distribution/braze_currents/event_delivery_semantics.md,Data > Distribution > Currents > Set up Currents > Event delivery semantics,_docs/_user_guide/data/distribution/currents/set_up_currents/event_delivery_semantics.md,unchanged,,
Currents event glossary,_docs/_user_guide/data/distribution/braze_currents/event_glossary.md,Data > Distribution > Currents > Currents event glossary,_docs/_user_guide/data/distribution/currents/currents_event_glossary.md,unchanged,,
Customer behavior and user events,_docs/_user_guide/data/distribution/braze_currents/event_glossary/customer_behavior_events.md,Data > Distribution > Currents > Currents event glossary > Customer behavior and user events,_docs/_user_guide/data/distribution/currents/currents_event_glossary/customer_behavior_and_user_events.md,unchanged,,
Message engagement events,_docs/_user_guide/data/distribution/braze_currents/event_glossary/message_engagement_events.md,Data > Distribution > Currents > Currents event glossary > Message engagement events,_docs/_user_guide/data/distribution/currents/currents_event_glossary/message_engagement_events.md,unchanged,,
Currents event changelogs,_docs/_user_guide/data/distribution/braze_currents/event_glossary/currents_changelogs.md,Data > Distribution > Currents > Currents event glossary > Currents event changelogs,_docs/_user_guide/data/distribution/currents/currents_event_glossary/currents_event_changelogs.md,unchanged,,
Use cases,_docs/_user_guide/data/unification/data_transformation/use_cases.md,Data > Distribution > Currents > Use cases,_docs/_user_guide/data/distribution/currents/use_cases.md,unchanged,,
Transfer data from Amazon S3 to Snowflake,_docs/_user_guide/data/distribution/braze_currents/s3_to_snowflake.md,Data > Distribution > Currents > Use cases > Transfer data from Amazon S3 to Snowflake,_docs/_user_guide/data/distribution/currents/use_cases/transfer_data_from_amazon_s3_to_snowflake.md,unchanged,,
Transfer data to Redshift,_docs/_user_guide/data/distribution/braze_currents/transferring_data_to_redshift.md,Data > Distribution > Currents > Use cases > Transfer data to Redshift,_docs/_user_guide/data/distribution/currents/use_cases/transfer_data_to_redshift.md,unchanged,,
How Braze uses Currents,_docs/_user_guide/data/distribution/braze_currents/how_braze_uses_currents.md,Data > Distribution > Currents > Use cases > How Braze uses Currents,_docs/_user_guide/data/distribution/currents/use_cases/how_braze_uses_currents.md,unchanged,,
FAQ,_docs/_user_guide/data/distribution/export_braze_data/faqs.md,Data > Distribution > Currents > FAQ,_docs/_user_guide/data/distribution/currents/faq.md,unchanged,,
Export Braze data,_docs/_user_guide/data/distribution/export_braze_data.md,Data > Distribution > Export Braze data,_docs/_user_guide/data/distribution/export_braze_data.md,unchanged,,
Message archiving,_docs/_user_guide/data/distribution/export_braze_data/message_archiving.md,Data > Distribution > Export Braze data > Message archiving,_docs/_user_guide/data/distribution/export_braze_data/message_archiving.md,unchanged,,
Campaign data,_docs/_user_guide/data/distribution/export_braze_data/export_campaign_results_data.md,Data > Distribution > Export Braze data > Campaign data,_docs/_user_guide/data/distribution/export_braze_data/campaign_data.md,unchanged,,
Canvas data,_docs/_user_guide/data/distribution/export_braze_data/export_canvas_data.md,Data > Distribution > Export Braze data > Canvas data,_docs/_user_guide/data/distribution/export_braze_data/canvas_data.md,unchanged,,
Segment data,_docs/_user_guide/engagement_tools/segments/viewing_and_understanding_segment_data.md,Data > Distribution > Export Braze data > Segment data,_docs/_user_guide/data/distribution/export_braze_data/segment_data.md,moved,,
Export APIs,_docs/_user_guide/data/distribution/export_braze_data/export_apis.md,Data > Distribution > Export Braze data > Export APIs,_docs/_user_guide/data/distribution/export_braze_data/export_apis.md,unchanged,,
Troubleshooting,_docs/_user_guide/administrative/access_braze/troubleshooting.md,Data > Distribution > Export Braze data > Troubleshooting,_docs/_user_guide/data/distribution/export_braze_data/troubleshooting.md,moved,,
FAQ,_docs/_user_guide/data/distribution/braze_currents/faq.md,Data > Distribution > Export Braze data > FAQ,_docs/_user_guide/data/distribution/export_braze_data/faq.md,unchanged,,
Infrastructure,_docs/_user_guide/data/infrastructure.md,Data > Infrastructure,_docs/_user_guide/data/infrastructure.md,unchanged,,
Data centers,_docs/_user_guide/data/infrastructure/data_centers.md,Data > Infrastructure > Data centers,_docs/_user_guide/data/infrastructure/data_centers.md,unchanged,,
Identifier field-level encryption,_docs/_user_guide/data/infrastructure/field_level_encryption.md,Data > Infrastructure > Identifier field-level encryption,_docs/_user_guide/data/infrastructure/identifier_fieldlevel_encryption.md,unchanged,,
Data points,_docs/_user_guide/data/infrastructure/data_points.md,Data > Infrastructure > Data points,_docs/_user_guide/data/infrastructure/data_points.md,unchanged,,
Technology Partners,_docs/_user_guide/data/technology_partners.md,Data > Technology Partners,_docs/_user_guide/data/technology_partners.md,unchanged,,
Audience,_docs/_user_guide/engagement_tools/canvas/canvas_components/audience_sync.md,Audience,_docs/_user_guide/audience.md,unchanged,landing page should include a cross-link to User data,
Your audience,,Audience > Your audience,_docs/_user_guide/audience/your_audience.md,new,"new article, would consist of a variety of jumping off points for learning about audience/user management in Braze:",
Segments,_docs/_user_guide/engagement_tools/segments.md,Audience > Segments,_docs/_user_guide/audience/segments.md,moved,,
Use case: Segment with nested custom attributes,,Audience > Segments > Use case: Segment with nested custom attributes,_docs/_user_guide/audience/segments/use_case_segment_with_nested_custom_attributes.md,new,"new article, pulls entire section on Segmenting from ""Nested custom attributes"" article",
Global control group,_docs/_user_guide/engagement_tools/testing/global_control_group.md,Audience > Global control group,_docs/_user_guide/audience/global_control_group.md,moved,,
Suppression lists,_docs/_user_guide/engagement_tools/segments/suppression_lists.md,Audience > Suppression lists,_docs/_user_guide/audience/suppression_lists.md,moved,,
User profiles,_docs/_user_guide/engagement_tools/segments/user_profiles.md,Audience > User profiles,_docs/_user_guide/audience/user_profiles.md,moved,,
Manage users,_docs/_user_guide/engagement_tools/messaging_fundamentals/targeting_users.md,Audience > Manage users,_docs/_user_guide/audience/manage_users.md,moved,,
Import users,_docs/_user_guide/data/unification/user_data/import_users.md,Audience > Manage users > Import users,_docs/_user_guide/audience/manage_users/import_users.md,moved,,
CSV import,_docs/_user_guide/data/unification/user_data/import_users/csv.md,Audience > Manage users > Import users > CSV import,_docs/_user_guide/audience/manage_users/import_users/csv_import.md,moved,,
Merge duplicate users,_docs/_user_guide/engagement_tools/segments/user_profiles/duplicate_users.md,Audience > Manage users > Merge duplicate users,_docs/_user_guide/audience/manage_users/merge_duplicate_users.md,moved,,
Delete users,_docs/_user_guide/data/unification/user_data/delete_users.md,Audience > Manage users > Delete users,_docs/_user_guide/audience/manage_users/delete_users.md,moved,,
Subscription preferences,_docs/_user_guide/administrative/app_settings/company_settings/notification_preferences.md,Audience > Subscription preferences,_docs/_user_guide/audience/subscription_preferences.md,moved,,
Subscription status,_docs/_user_guide/message_building_by_channel/line/line_users/subscription_groups.md,Audience > Subscription preferences > Subscription status,_docs/_user_guide/audience/subscription_preferences/subscription_status.md,moved,,
Subscription groups,_docs/_user_guide/message_building_by_channel/sms_mms_rcs/subscription_groups.md,Audience > Subscription preferences > Subscription groups,_docs/_user_guide/audience/subscription_preferences/subscription_groups.md,moved,,
Preference center,_docs/_user_guide/message_building_by_channel/email/preference_center.md,Audience > Subscription preferences > Preference center,_docs/_user_guide/audience/subscription_preferences/preference_center.md,moved,Related articles: API endpoints,
Locations and geofences,_docs/_user_guide/engagement_tools/locations_and_geofences.md,Audience > Locations and geofences,_docs/_user_guide/audience/locations_and_geofences.md,moved,,
Messaging,_docs/_user_guide/brazeai/predictive_churn/messaging_users.md,Messaging,_docs/_user_guide/messaging.md,unchanged,,
Messaging fundamentals,_docs/_user_guide/engagement_tools/messaging_fundamentals.md,Messaging > Messaging fundamentals,_docs/_user_guide/messaging/messaging_fundamentals.md,moved,,
Accessibility,_docs/_user_guide/engagement_tools/messaging_fundamentals/accessibility.md,Messaging > Messaging fundamentals > Accessibility,_docs/_user_guide/messaging/messaging_fundamentals/accessibility.md,moved,,
Approvals,_docs/_user_guide/engagement_tools/messaging_fundamentals/approvals.md,Messaging > Messaging fundamentals > Approvals,_docs/_user_guide/messaging/messaging_fundamentals/approvals.md,moved,,
Messaging rules,_docs/_user_guide/engagement_tools/messaging_fundamentals/approvals/messaging_rules.md,Messaging > Messaging fundamentals > Approvals > Messaging rules,_docs/_user_guide/messaging/messaging_fundamentals/approvals/messaging_rules.md,moved,,
Archiving,_docs/_user_guide/engagement_tools/messaging_fundamentals/archiving.md,Messaging > Messaging fundamentals > Archiving,_docs/_user_guide/messaging/messaging_fundamentals/archiving.md,moved,,
Conversion Events,_docs/_user_guide/engagement_tools/messaging_fundamentals/conversion_events.md,Messaging > Messaging fundamentals > Conversion Events,_docs/_user_guide/messaging/messaging_fundamentals/conversion_events.md,moved,,
Copy across workspaces,_docs/_user_guide/engagement_tools/messaging_fundamentals/copying_across_workspaces.md,Messaging > Messaging fundamentals > Copy across workspaces,_docs/_user_guide/messaging/messaging_fundamentals/copy_across_workspaces.md,moved,,
Delivery and entry types,_docs/_user_guide/engagement_tools/messaging_fundamentals/delivery_types.md,Messaging > Messaging fundamentals > Delivery and entry types,_docs/_user_guide/messaging/messaging_fundamentals/delivery_and_entry_types.md,moved,,
Duplicating,_docs/_user_guide/engagement_tools/messaging_fundamentals/duplicating.md,Messaging > Messaging fundamentals > Duplicating,_docs/_user_guide/messaging/messaging_fundamentals/duplicating.md,moved,,
Editor blocks,_docs/_user_guide/engagement_tools/messaging_fundamentals/drag_and_drop_editor_blocks.md,Messaging > Messaging fundamentals > Editor blocks,_docs/_user_guide/messaging/messaging_fundamentals/editor_blocks.md,moved,,
Frequency capping,_docs/_user_guide/engagement_tools/campaigns/building_campaigns/rate-limiting.md,Messaging > Messaging fundamentals > Frequency capping,_docs/_user_guide/messaging/messaging_fundamentals/frequency_capping.md,moved,,
Know before you send,_docs/_user_guide/engagement_tools/messaging_fundamentals/know_before_send.md,Messaging > Messaging fundamentals > Know before you send,_docs/_user_guide/messaging/messaging_fundamentals/know_before_you_send.md,moved,,
Localization,_docs/_user_guide/engagement_tools/messaging_fundamentals/localization.md,Messaging > Messaging fundamentals > Localization,_docs/_user_guide/messaging/messaging_fundamentals/localization.md,moved,,
Locales in messages,_docs/_user_guide/engagement_tools/messaging_fundamentals/localization/locales.md,Messaging > Messaging fundamentals > Localization > Locales in messages,_docs/_user_guide/messaging/messaging_fundamentals/localization/locales_in_messages.md,moved,,
Right-to-left messages,_docs/_user_guide/engagement_tools/messaging_fundamentals/localization/right_to_left_messages.md,Messaging > Messaging fundamentals > Localization > Right-to-left messages,_docs/_user_guide/messaging/messaging_fundamentals/localization/righttoleft_messages.md,moved,,
Priority sorter,,Messaging > Messaging fundamentals > Priority sorter,_docs/_user_guide/messaging/messaging_fundamentals/priority_sorter.md,new,new article,
Product blocks,_docs/_user_guide/engagement_tools/messaging_fundamentals/product_blocks.md,Messaging > Messaging fundamentals > Product blocks,_docs/_user_guide/messaging/messaging_fundamentals/product_blocks.md,moved,,
Rate limiting,_docs/_user_guide/engagement_tools/canvas/create_a_canvas/rate_limiting.md,Messaging > Messaging fundamentals > Rate limiting,_docs/_user_guide/messaging/messaging_fundamentals/rate_limiting.md,moved,,
Re-eligibility,_docs/_user_guide/engagement_tools/messaging_fundamentals/reeligibility.md,Messaging > Messaging fundamentals > Re-eligibility,_docs/_user_guide/messaging/messaging_fundamentals/reeligibility.md,moved,,
Statuses,_docs/_user_guide/engagement_tools/messaging_fundamentals/about_statuses.md,Messaging > Messaging fundamentals > Statuses,_docs/_user_guide/messaging/messaging_fundamentals/statuses.md,moved,,
Target users,_docs/_user_guide/engagement_tools/messaging_fundamentals/targeting_users.md,Messaging > Messaging fundamentals > Target users,_docs/_user_guide/messaging/messaging_fundamentals/target_users.md,moved,,
Canvas,_docs/_user_guide/engagement_tools/canvas.md,Messaging > Canvas,_docs/_user_guide/messaging/canvas.md,moved,no changes,
Campaigns,_docs/_user_guide/engagement_tools/campaigns.md,Messaging > Campaigns,_docs/_user_guide/messaging/campaigns.md,updated,rewrite landing page,
Campaign basics,_docs/_user_guide/engagement_tools/campaigns/getting_started/campaign_basics.md,Messaging > Campaigns > Campaign basics,_docs/_user_guide/messaging/campaigns/campaign_basics.md,moved,,
Schedule your campaign,_docs/_user_guide/engagement_tools/campaigns/building_campaigns/delivery_types.md,Messaging > Campaigns > Schedule your campaign,_docs/_user_guide/messaging/campaigns/schedule_your_campaign.md,moved,should include links to rate limiting and frequency capping,
Manage campaigns,_docs/_user_guide/engagement_tools/campaigns/managing_campaigns.md,Messaging > Campaigns > Manage campaigns,_docs/_user_guide/messaging/campaigns/manage_campaigns.md,moved,,
Test campaigns,_docs/_user_guide/engagement_tools/campaigns/testing_and_more.md,Messaging > Campaigns > Test campaigns,_docs/_user_guide/messaging/campaigns/test_campaigns.md,moved,,
Ideas and strategies,_docs/_user_guide/engagement_tools/campaigns/ideas_and_strategies.md,Messaging > Campaigns > Ideas and strategies,_docs/_user_guide/messaging/campaigns/ideas_and_strategies.md,moved,,
FAQ,_docs/_user_guide/engagement_tools/campaigns/faq.md,Messaging > Campaigns > FAQ,_docs/_user_guide/messaging/campaigns/faq.md,moved,,
Landing pages,_docs/_user_guide/engagement_tools/landing_pages.md,Messaging > Landing pages,_docs/_user_guide/messaging/landing_pages.md,moved,,
Create landing pages,_docs/_user_guide/engagement_tools/landing_pages/creating_pages.md,Messaging > Landing pages > Create landing pages,_docs/_user_guide/messaging/landing_pages/create_landing_pages.md,moved,,
Customize the URL,_docs/_user_guide/engagement_tools/landing_pages/customizing_urls.md,Messaging > Landing pages > Customize the URL,_docs/_user_guide/messaging/landing_pages/customize_the_url.md,moved,,
Tracking users,_docs/_user_guide/engagement_tools/landing_pages/tracking_users.md,Messaging > Landing pages > Tracking users,_docs/_user_guide/messaging/landing_pages/tracking_users.md,moved,,
Retargeting users,_docs/_user_guide/engagement_tools/landing_pages/retargeting.md,Messaging > Landing pages > Retargeting users,_docs/_user_guide/messaging/landing_pages/retargeting_users.md,moved,,
Personalize landing pages,_docs/_user_guide/engagement_tools/landing_pages/personalizing_pages.md,Messaging > Landing pages > Personalize landing pages,_docs/_user_guide/messaging/landing_pages/personalize_landing_pages.md,moved,,
About tracking data,_docs/_user_guide/engagement_tools/landing_pages/about_tracking_data.md,Messaging > Landing pages > About tracking data,_docs/_user_guide/messaging/landing_pages/about_tracking_data.md,moved,,
Feature flags,_docs/_user_guide/engagement_tools/canvas/canvas_components/feature_flags.md,Messaging > Feature flags,_docs/_user_guide/messaging/feature_flags.md,moved,,
Create feature flags,_docs/_user_guide/engagement_tools/feature_flags/create.md,Messaging > Feature flags > Create feature flags,_docs/_user_guide/messaging/feature_flags/create_feature_flags.md,moved,,
Feature flags in Canvas,_docs/_user_guide/engagement_tools/feature_flags/canvas.md,Messaging > Feature flags > Feature flags in Canvas,_docs/_user_guide/messaging/feature_flags/feature_flags_in_canvas.md,moved,,
Feature flag experiments,_docs/_user_guide/engagement_tools/feature_flags/experiments.md,Messaging > Feature flags > Feature flag experiments,_docs/_user_guide/messaging/feature_flags/feature_flag_experiments.md,moved,,
FAQ,_docs/_user_guide/engagement_tools/feature_flags/faq.md,Messaging > Feature flags > FAQ,_docs/_user_guide/messaging/feature_flags/faq.md,moved,,
A/B testing,_docs/_user_guide/message_building_by_channel/banners/testing.md,Messaging > A/B testing,_docs/_user_guide/messaging/ab_testing.md,moved,,
Random bucket numbers,_docs/_user_guide/engagement_tools/testing/random_bucket_numbers.md,Messaging > A/B testing > Concepts > Random bucket numbers,_docs/_user_guide/messaging/ab_testing/concepts/random_bucket_numbers.md,moved,,
Conversion correlation,_docs/_user_guide/engagement_tools/testing/conversion_correlation.md,Messaging > A/B testing > Concepts > Conversion correlation,_docs/_user_guide/messaging/ab_testing/concepts/conversion_correlation.md,moved,,
Race conditions,_docs/_user_guide/engagement_tools/testing/race_conditions.md,Messaging > A/B testing > Concepts > Race conditions,_docs/_user_guide/messaging/ab_testing/concepts/race_conditions.md,moved,,
Create tests,_docs/_user_guide/engagement_tools/testing/multivariant_testing/create_multivariate_campaign.md,Messaging > A/B testing > Create tests,_docs/_user_guide/messaging/ab_testing/create_tests.md,moved,,
Optimizations,_docs/_user_guide/engagement_tools/testing/multivariant_testing/optimizations.md,Messaging > A/B testing > Optimizations,_docs/_user_guide/messaging/ab_testing/optimizations.md,moved,,
Analytics,_docs/_user_guide/engagement_tools/testing/multivariant_testing/multivariate_analytics.md,Messaging > A/B testing > Analytics,_docs/_user_guide/messaging/ab_testing/analytics.md,moved,,
FAQ,_docs/_user_guide/engagement_tools/testing/multivariant_testing/faq.md,Messaging > A/B testing > FAQ,_docs/_user_guide/messaging/ab_testing/faq.md,moved,,
Reusable content,,Messaging > Reusable content,_docs/_user_guide/messaging/reusable_content.md,new,new landing page,
Content Blocks,_docs/_user_guide/message_building_by_channel/email/drag_and_drop/dnd_content_blocks.md,Messaging > Reusable content > Content Blocks,_docs/_user_guide/messaging/reusable_content/content_blocks.md,moved,,
Product Blocks,_docs/_user_guide/data/activation/catalogs/product_blocks.md,Messaging > Reusable content > Product Blocks,_docs/_user_guide/messaging/reusable_content/product_blocks.md,moved,,
Design and edit,,Messaging > Design and edit,_docs/_user_guide/messaging/design_and_edit.md,new,new landing page,
Drag-and-drop editor,,Messaging > Design and edit > Drag-and-drop editor,_docs/_user_guide/messaging/design_and_edit/draganddrop_editor.md,new,new article,
Email drag-and-drop editor,,Messaging > Design and edit > Email drag-and-drop editor,_docs/_user_guide/messaging/design_and_edit/email_draganddrop_editor.md,new,new article,
Email HTML editor,,Messaging > Design and edit > Email HTML editor,_docs/_user_guide/messaging/design_and_edit/email_html_editor.md,new,new article,
Traditional composers,,Messaging > Design and edit > Traditional composers,_docs/_user_guide/messaging/design_and_edit/traditional_composers.md,new,new article,
Image specifications,_docs/_user_guide/engagement_tools/templates_and_media/image_specs.md,Messaging > Design and edit > Image specifications,_docs/_user_guide/messaging/design_and_edit/image_specifications.md,moved,,
Media library,_docs/_user_guide/engagement_tools/templates_and_media/media_library.md,Messaging > Media library,_docs/_user_guide/messaging/media_library.md,merged,Remove image specs section and add to a dedicated article. Fold in FAQ content,
Templates,_docs/_user_guide/message_building_by_channel/email/templates.md,Messaging > Templates,_docs/_user_guide/messaging/templates.md,moved,,
Canvas templates,_docs/_user_guide/engagement_tools/canvas/create_a_canvas/canvas_templates/templates.md,Messaging > Templates > Canvas templates,_docs/_user_guide/messaging/templates/canvas_templates.md,moved,,
Email templates,_docs/_user_guide/engagement_tools/templates_and_media/managing_templates.md,Messaging > Templates > Email templates,_docs/_user_guide/messaging/templates/email_templates.md,moved,,
In-app message templates,_docs/_user_guide/engagement_tools/canvas/create_a_canvas/canvas_by_channel/in-app_messages_in_canvas.md,Messaging > Templates > In-app message templates,_docs/_user_guide/messaging/templates/inapp_message_templates.md,moved,,
Custom templates,,Messaging > Templates > In-app message templates > Custom templates,_docs/_user_guide/messaging/templates/inapp_message_templates/custom_templates.md,new,new article with guidance on how to create and access their own templates,
Color profiles and CSS templates,_docs/_user_guide/message_building_by_channel/in-app_messages/traditional/customize/color_profiles_and_css.md,Messaging > Templates > In-app message templates > Color profiles and CSS templates,_docs/_user_guide/messaging/templates/inapp_message_templates/color_profiles_and_css_templates.md,moved,,
Braze templates,_docs/_user_guide/engagement_tools/canvas/get_started/braze_templates.md,Messaging > Templates > In-app message templates > Braze templates,_docs/_user_guide/messaging/templates/inapp_message_templates/braze_templates.md,moved,,
Onboarding flow,_docs/_user_guide/message_building_by_channel/in-app_messages/drag_and_drop/templates/onboarding.md,Messaging > Templates > In-app message templates > Braze templates > Onboarding flow,_docs/_user_guide/messaging/templates/inapp_message_templates/braze_templates/onboarding_flow.md,moved,,
"SMS, RCS, and WhatsApp signup form",_docs/_user_guide/message_building_by_channel/in-app_messages/drag_and_drop/templates/phone_number_capture.md,"Messaging > Templates > In-app message templates > Braze templates > SMS, RCS, and WhatsApp signup form",_docs/_user_guide/messaging/templates/inapp_message_templates/braze_templates/sms_rcs_and_whatsapp_signup_form.md,moved,,
Email sign-up form,_docs/_user_guide/message_building_by_channel/in-app_messages/drag_and_drop/templates/email_capture.md,Messaging > Templates > In-app message templates > Braze templates > Email sign-up form,_docs/_user_guide/messaging/templates/inapp_message_templates/braze_templates/email_signup_form.md,moved,,
Email sign-up with discount,_docs/_user_guide/message_building_by_channel/in-app_messages/drag_and_drop/templates/email_discount.md,Messaging > Templates > In-app message templates > Braze templates > Email sign-up with discount,_docs/_user_guide/messaging/templates/inapp_message_templates/braze_templates/email_signup_with_discount.md,moved,,
Email sign-up with image,_docs/_user_guide/message_building_by_channel/in-app_messages/drag_and_drop/templates/email_image.md,Messaging > Templates > In-app message templates > Braze templates > Email sign-up with image,_docs/_user_guide/messaging/templates/inapp_message_templates/braze_templates/email_signup_with_image.md,moved,,
Email sign-up with offer,_docs/_user_guide/message_building_by_channel/in-app_messages/drag_and_drop/templates/email_offer.md,Messaging > Templates > In-app message templates > Braze templates > Email sign-up with offer,_docs/_user_guide/messaging/templates/inapp_message_templates/braze_templates/email_signup_with_offer.md,moved,,
Email sign-up with confirmation,_docs/_user_guide/message_building_by_channel/in-app_messages/drag_and_drop/templates/email_confirmation_page.md,Messaging > Templates > In-app message templates > Braze templates > Email sign-up with confirmation,_docs/_user_guide/messaging/templates/inapp_message_templates/braze_templates/email_signup_with_confirmation.md,moved,,
Product announcement,_docs/_user_guide/message_building_by_channel/in-app_messages/drag_and_drop/templates/product_announcement.md,Messaging > Templates > In-app message templates > Braze templates > Product announcement,_docs/_user_guide/messaging/templates/inapp_message_templates/braze_templates/product_announcement.md,moved,,
Seasonal promption with image,_docs/_user_guide/message_building_by_channel/in-app_messages/drag_and_drop/templates/seasonal_promo.md,Messaging > Templates > In-app message templates > Braze templates > Seasonal promption with image,_docs/_user_guide/messaging/templates/inapp_message_templates/braze_templates/seasonal_promption_with_image.md,moved,,
Managing templates,_docs/_user_guide/engagement_tools/templates_and_media/managing_templates.md,Messaging > Templates > Managing templates,_docs/_user_guide/messaging/templates/managing_templates.md,moved,,
Content Block library,_docs/_user_guide/engagement_tools/templates_and_media/content_blocks.md,Messaging > Templates > Content Block library,_docs/_user_guide/messaging/templates/content_block_library.md,moved,,
Personalize,_docs/_user_guide/engagement_tools/canvas/canvas_components/experiment_step/personalized_paths.md,Messaging > Personalize,_docs/_user_guide/messaging/personalize.md,moved,,
Dashboard tools,,Messaging > Personalize > Dashboard tools,_docs/_user_guide/messaging/personalize/dashboard_tools.md,new,"new article would explain the “Add personalization” modal/page in various editor views and “Liquid updates”. From: ""Insertting pre-formatted variables"" and ""Liquid updates""",
Preview personalization,,Messaging > Personalize > Preview personalization,_docs/_user_guide/messaging/personalize/preview_personalization.md,new,"new article would pull from sending test messages to explain how to preview personalization in a message. Could also cross-link to ""Preview user paths in Canvas""",
Sources,,Messaging > Personalize > Sources,_docs/_user_guide/messaging/personalize/sources.md,new,new landing page,
User profile fields,,Messaging > Personalize > Sources > User profile fields,_docs/_user_guide/messaging/personalize/sources/user_profile_fields.md,new,new article,
Catalog,_docs/_user_guide/data/activation/catalogs.md,Messaging > Personalize > Sources > Catalog,_docs/_user_guide/messaging/personalize/sources/catalog.md,moved,"currently ""Using catalogs in a message""",
Promotion codes,_docs/_user_guide/personalization_and_dynamic_content/promotion_codes.md,Messaging > Personalize > Sources > Promotion codes,_docs/_user_guide/messaging/personalize/sources/promotion_codes.md,moved,,
Canvas entry properties,_docs/_user_guide/personalization_and_dynamic_content/canvas_persistent_entry_properties.md,Messaging > Personalize > Sources > Canvas entry properties,_docs/_user_guide/messaging/personalize/sources/canvas_entry_properties.md,renamed,will be eventually renamed to “Context and event properties” w/ Context GA,
Context variables,_docs/_user_guide/engagement_tools/canvas/create_a_canvas/context_variables.md,Messaging > Personalize > Sources > Context variables,_docs/_user_guide/messaging/personalize/sources/context_variables.md,moved,,
Key-value pairs,_docs/_user_guide/personalization_and_dynamic_content/key_value_pairs.md,Messaging > Personalize > Sources > Key-value pairs,_docs/_user_guide/messaging/personalize/sources/keyvalue_pairs.md,moved,,
Actions and media URLs,,Messaging > Personalize > Actions and media URLs,_docs/_user_guide/messaging/personalize/actions_and_media_urls.md,new,"new article would be an explainer on personalizing action (button/link) and media (image/video) URLs using Liquid). Existing content to draw from: ""Deep linking to in-app content"" and ""Liquid personalization in URLs""",
Liquid reference,,Messaging > Personalize > Liquid reference,_docs/_user_guide/messaging/personalize/liquid_reference.md,new,new landing page,
Connected content reference,,Messaging > Personalize > Connected content reference,_docs/_user_guide/messaging/personalize/connected_content_reference.md,new,new landing page,
Channels,_docs/_user_guide/message_building_by_channel/push/android/notification_channels.md,Channels,_docs/_user_guide/channels.md,unchanged,"landing page provides context on the different channel types and how they are delivered. Two tile sections for ""In-product"" and ""Out-of-product""",
Banners,_docs/_user_guide/message_building_by_channel/banners.md,Channels > Banners,_docs/_user_guide/channels/banners.md,moved,landing page is an overview of the channel,
Create a Banner,_docs/_user_guide/message_building_by_channel/banners/create.md,Channels > Banners > Create a Banner,_docs/_user_guide/channels/banners/create_a_banner.md,moved,,
Reporting,_docs/_user_guide/message_building_by_channel/content_cards/reporting.md,Channels > Banners > Reporting,_docs/_user_guide/channels/banners/reporting.md,moved,,
FAQ,_docs/_user_guide/message_building_by_channel/banners/faq.md,Channels > Banners > FAQ,_docs/_user_guide/channels/banners/faq.md,moved,,
Content Cards,_docs/_user_guide/engagement_tools/canvas/create_a_canvas/canvas_by_channel/content-cards_in_canvas.md,Channels > Content Cards,_docs/_user_guide/channels/content_cards.md,moved,landing page is an overview of the channel,
Create a Content Card,_docs/_user_guide/message_building_by_channel/content_cards/create.md,Channels > Content Cards > Create a Content Card,_docs/_user_guide/channels/content_cards/create_a_content_card.md,moved,,
Creative details,_docs/_user_guide/message_building_by_channel/content_cards/creative_details.md,Channels > Content Cards > Creative details,_docs/_user_guide/channels/content_cards/creative_details.md,moved,,
Reporting,_docs/_user_guide/message_building_by_channel/email/reporting_and_analytics/email_reporting.md,Channels > Content Cards > Reporting,_docs/_user_guide/channels/content_cards/reporting.md,moved,,
Best practices,_docs/_user_guide/message_building_by_channel/content_cards/best_practices.md,Channels > Content Cards > Best practices,_docs/_user_guide/channels/content_cards/best_practices.md,moved,,
Email,_docs/_user_guide/message_building_by_channel/email.md,Channels > Email,_docs/_user_guide/channels/email.md,removed,"landing page is an overview of the channel. Includes content from ""Email services"" (then remove article",
Email setup,_docs/_user_guide/message_building_by_channel/email/email_setup.md,Channels > Email > Email setup,_docs/_user_guide/channels/email/email_setup.md,moved,,
Create an email,_docs/_user_guide/message_building_by_channel/email/drag_and_drop/overview.md,Channels > Email > Create an email,_docs/_user_guide/channels/email/create_an_email.md,moved,,
Customize,_docs/_user_guide/message_building_by_channel/in-app_messages/traditional/customize.md,Channels > Email > Customize,_docs/_user_guide/channels/email/customize.md,moved,,
Email global style settings,_docs/_user_guide/message_building_by_channel/email/drag_and_drop/dnd_email_style_settings.md,Channels > Email > Customize > Email global style settings,_docs/_user_guide/channels/email/customize/email_global_style_settings.md,moved,,
Custom email footer,_docs/_user_guide/message_building_by_channel/email/custom_email_footer.md,Channels > Email > Customize > Custom email footer,_docs/_user_guide/channels/email/customize/custom_email_footer.md,moved,,
AMP for email,_docs/_user_guide/message_building_by_channel/email/amphtml.md,Channels > Email > Customize > AMP for email,_docs/_user_guide/channels/email/customize/amp_for_email.md,moved,,
Universal links and app links,_docs/_user_guide/message_building_by_channel/email/universal_links.md,Channels > Email > Customize > Universal links and app links,_docs/_user_guide/channels/email/customize/universal_links_and_app_links.md,moved,,
Templates,_docs/_user_guide/message_building_by_channel/in-app_messages/drag_and_drop/templates.md,Channels > Email > Templates,_docs/_user_guide/channels/email/templates.md,moved,,
Subscriptions,_docs/_user_guide/message_building_by_channel/email/managing_user_subscriptions.md,Channels > Email > Subscriptions,_docs/_user_guide/channels/email/subscriptions.md,moved,,
Reporting,_docs/_user_guide/message_building_by_channel/in-app_messages/reporting.md,Channels > Email > Reporting,_docs/_user_guide/channels/email/reporting.md,moved,,
Use cases,_docs/_user_guide/engagement_tools/segments/segment_extension/sql_segments/use_cases.md,Channels > Email > Use cases,_docs/_user_guide/channels/email/use_cases.md,moved,,
Best practices,_docs/_user_guide/message_building_by_channel/email/best_practices.md,Channels > Email > Best practices,_docs/_user_guide/channels/email/best_practices.md,moved,,
Email guidelines,_docs/_user_guide/message_building_by_channel/email/best_practices/guidelines_and_tips.md,Channels > Email > Best practices > Email guidelines,_docs/_user_guide/channels/email/best_practices/email_guidelines.md,moved,,
Email styling,_docs/_user_guide/message_building_by_channel/email/best_practices/email_styling.md,Channels > Email > Best practices > Email styling,_docs/_user_guide/channels/email/best_practices/email_styling.md,moved,,
Sunset policies,_docs/_user_guide/message_building_by_channel/email/best_practices/sunset_policies.md,Channels > Email > Best practices > Sunset policies,_docs/_user_guide/channels/email/best_practices/sunset_policies.md,moved,,
Apple Mail,_docs/_user_guide/message_building_by_channel/email/apple_mail.md,Channels > Email > Best practices > Apple Mail,_docs/_user_guide/channels/email/best_practices/apple_mail.md,moved,,
Know before you send,_docs/_user_guide/message_building_by_channel/email/best_practices/know_before_send.md,Channels > Email > Best practices > Know before you send,_docs/_user_guide/channels/email/best_practices/know_before_you_send.md,moved,,
FAQ,_docs/_user_guide/message_building_by_channel/email/drag_and_drop/faq.md,Channels > Email > FAQ,_docs/_user_guide/channels/email/faq.md,merged,"Fold ""Duplicate emails"" into FAQs. Remove ""Duplicate emails"" article.",
Transactional email,_docs/_user_guide/message_building_by_channel/email/transactional_message_api_campaign/tracking_transactional_emails.md,Channels > Transactional email,_docs/_user_guide/channels/transactional_email.md,moved,landing page is an overview of the channel,
Create a transactional email,_docs/_user_guide/message_building_by_channel/email/transactional_message_api_campaign/tracking_transactional_emails.md,Channels > Transactional email > Create a transactional email,_docs/_user_guide/channels/transactional_email/create_a_transactional_email.md,moved,,
Tracking,_docs/_user_guide/analytics/tracking.md,Channels > Transactional email > Tracking,_docs/_user_guide/channels/transactional_email/tracking.md,moved,,
In-app messages,_docs/_user_guide/message_building_by_channel/in-app_messages.md,Channels > In-app messages,_docs/_user_guide/channels/inapp_messages.md,moved,landing page is an overview of the channel,
Create an in-app message,_docs/_user_guide/message_building_by_channel/in-app_messages/drag_and_drop/create.md,Channels > In-app messages > Create an in-app message,_docs/_user_guide/channels/inapp_messages/create_an_inapp_message.md,moved,,
Message types,,Channels > In-app messages > Message types,_docs/_user_guide/channels/inapp_messages/message_types.md,new,"new landing page divides into two sections with tiles: ""Available in all editors"" = fullscreen and modal; ""Traditional editor only"" = remainder",
Fullscreen,_docs/_user_guide/message_building_by_channel/in-app_messages/creative_details/fullscreen.md,Channels > In-app messages > Message types > Fullscreen,_docs/_user_guide/channels/inapp_messages/message_types/fullscreen.md,moved,,
Modal,_docs/_user_guide/message_building_by_channel/in-app_messages/creative_details/modal.md,Channels > In-app messages > Message types > Modal,_docs/_user_guide/channels/inapp_messages/message_types/modal.md,moved,,
Slideup,_docs/_user_guide/message_building_by_channel/in-app_messages/creative_details/slideup.md,Channels > In-app messages > Message types > Slideup,_docs/_user_guide/channels/inapp_messages/message_types/slideup.md,moved,,
Custom HTML,_docs/_user_guide/data/activation/custom_data.md,Channels > In-app messages > Message types > Custom HTML,_docs/_user_guide/channels/inapp_messages/message_types/custom_html.md,moved,,
Email capture form,_docs/_user_guide/message_building_by_channel/in-app_messages/traditional/customize/email_capture_form.md,Channels > In-app messages > Message types > Email capture form,_docs/_user_guide/channels/inapp_messages/message_types/email_capture_form.md,moved,,
Simple survey,_docs/_user_guide/message_building_by_channel/in-app_messages/traditional/templates/simple_survey.md,Channels > In-app messages > Message types > Simple survey,_docs/_user_guide/channels/inapp_messages/message_types/simple_survey.md,moved,,
Customize,_docs/_user_guide/message_building_by_channel/in-app_messages/traditional/customize.md,Channels > In-app messages > Customize,_docs/_user_guide/channels/inapp_messages/customize.md,moved,,
Style settings,_docs/_user_guide/message_building_by_channel/in-app_messages/drag_and_drop/style_settings.md,Channels > In-app messages > Customize > Style settings,_docs/_user_guide/channels/inapp_messages/customize/style_settings.md,moved,,
Dark mode themes,_docs/_user_guide/message_building_by_channel/in-app_messages/traditional/dark-mode.md,Channels > In-app messages > Customize > Dark mode themes,_docs/_user_guide/channels/inapp_messages/customize/dark_mode_themes.md,moved,,
Color profiles and CSS templates,_docs/_user_guide/message_building_by_channel/in-app_messages/traditional/customize/color_profiles_and_css.md,Channels > In-app messages > Customize > Color profiles and CSS templates,_docs/_user_guide/channels/inapp_messages/customize/color_profiles_and_css_templates.md,moved,,
Video in custom HTML,_docs/_user_guide/message_building_by_channel/in-app_messages/traditional/customize/video.md,Channels > In-app messages > Customize > Video in custom HTML,_docs/_user_guide/channels/inapp_messages/customize/video_in_custom_html.md,moved,,
Templates,_docs/_user_guide/message_building_by_channel/in-app_messages/traditional/templates.md,Channels > In-app messages > Templates,_docs/_user_guide/channels/inapp_messages/templates.md,moved,,
Reporting,_docs/_user_guide/message_building_by_channel/line/reporting.md,Channels > In-app messages > Reporting,_docs/_user_guide/channels/inapp_messages/reporting.md,moved,,
Best practices,_docs/_user_guide/message_building_by_channel/in-app_messages/best_practices.md,Channels > In-app messages > Best practices,_docs/_user_guide/channels/inapp_messages/best_practices.md,moved,,
FAQ,_docs/_user_guide/message_building_by_channel/in-app_messages/faq.md,Channels > In-app messages > FAQ,_docs/_user_guide/channels/inapp_messages/faq.md,moved,,
LINE,_docs/_user_guide/message_building_by_channel/line.md,Channels > LINE,_docs/_user_guide/channels/line.md,moved,landing page is an overview of the channel,
LINE setup,_docs/_user_guide/message_building_by_channel/line/line_setup.md,Channels > LINE > LINE setup,_docs/_user_guide/channels/line/line_setup.md,moved,,
Create a LINE message,_docs/_user_guide/message_building_by_channel/line/create.md,Channels > LINE > Create a LINE message,_docs/_user_guide/channels/line/create_a_line_message.md,moved,,
Message users,_docs/_user_guide/message_building_by_channel/line/messaging_users.md,Channels > LINE > Message users,_docs/_user_guide/channels/line/message_users.md,merged,Update existing page to pull child pages of LINE users to be child pages of Messaging users. Delete current config-only page.,
User management,_docs/_user_guide/message_building_by_channel/line/line_users/user_management.md,Channels > LINE > Message users > User management,_docs/_user_guide/channels/line/message_users/user_management.md,moved,,
Subscription groups,_docs/_user_guide/message_building_by_channel/whatsapp/user_subscription.md,Channels > LINE > Message users > Subscription groups,_docs/_user_guide/channels/line/message_users/subscription_groups.md,moved,,
Reporting,_docs/_user_guide/message_building_by_channel/push/push_reporting.md,Channels > LINE > Reporting,_docs/_user_guide/channels/line/reporting.md,moved,,
Live notifications,,Channels > Live notifications,_docs/_user_guide/channels/live_notifications.md,new,new article would be a marketer-facing overview of iOS Live Activities,
Push,_docs/_user_guide/message_building_by_channel/push.md,Channels > Push,_docs/_user_guide/channels/push.md,moved,"landing page is an overview of the channel, ""Types of push notifications"" is turned into a table and included",
Push setup,_docs/_user_guide/message_building_by_channel/sms_mms_rcs/rcs/rcs_setup.md,Channels > Push > Push setup,_docs/_user_guide/channels/push/push_setup.md,moved,,
Push token lifecycle,_docs/_user_guide/data/unification/user_data/user_profile_lifecycle.md,Channels > Push > Push setup > Push token lifecycle,_docs/_user_guide/channels/push/push_setup/push_token_lifecycle.md,updated,"updates ""Push registration"" to focus only on covering technical enablement: can Braze deliver to this device?  explains how they are re created, updated, and reassigned.",
Push subscription states,_docs/_user_guide/message_building_by_channel/push.md,Channels > Push > Push setup > Push subscription states,_docs/_user_guide/channels/push/push_setup/push_subscription_states.md,updated,"updates ""Push enablement and subscription"" to only cover use intent: should this user receive push notifications? explains how tokens interact with subscription state",
Create a push message,_docs/_user_guide/message_building_by_channel/push/creating_a_push_message.md,Channels > Push > Create a push message,_docs/_user_guide/channels/push/create_a_push_message.md,updated,update article,
Message and image formats,_docs/_user_guide/message_building_by_channel/push/best_practices/message_format.md,Channels > Push > Create a push message > Message and image formats,_docs/_user_guide/channels/push/create_a_push_message/message_and_image_formats.md,moved,,
Push action buttons,_docs/_user_guide/message_building_by_channel/push/advanced_push_options/push_action_buttons.md,Channels > Push > Create a push message > Push action buttons,_docs/_user_guide/channels/push/create_a_push_message/push_action_buttons.md,moved,,
Push stories,_docs/_user_guide/message_building_by_channel/push/advanced_push_options/push_stories.md,Channels > Push > Create a push message > Push stories,_docs/_user_guide/channels/push/create_a_push_message/push_stories.md,moved,,
Quick push messages,_docs/_user_guide/message_building_by_channel/push/creating_a_push_message/quick_push.md,Channels > Push > Create a push message > Quick push messages,_docs/_user_guide/channels/push/create_a_push_message/quick_push_messages.md,moved,,
iOS,_docs/_user_guide/message_building_by_channel/in-app_messages/ios_app_rating_prompt.md,Channels > Push > Platform-specific resources > iOS,_docs/_user_guide/channels/push/platformspecific_resources/ios.md,moved,,
Notification options,_docs/_user_guide/message_building_by_channel/push/ios/notification_options.md,Channels > Push > Platform-specific resources > iOS > Notification options,_docs/_user_guide/channels/push/platformspecific_resources/ios/notification_options.md,moved,,
Rich notifications,_docs/_user_guide/message_building_by_channel/push/ios/rich_notifications.md,Channels > Push > Platform-specific resources > iOS > Rich notifications,_docs/_user_guide/channels/push/platformspecific_resources/ios/rich_notifications.md,moved,,
Custom app icon feature (iOS 10.3),_docs/_user_guide/message_building_by_channel/push/ios/customizable_app_icons.md,Channels > Push > Platform-specific resources > iOS > Custom app icon feature (iOS 10.3),_docs/_user_guide/channels/push/platformspecific_resources/ios/custom_app_icon_feature_ios_103.md,moved,,
Utilizing badge count,_docs/_user_guide/message_building_by_channel/push/ios/utilizing_badge_count.md,Channels > Push > Platform-specific resources > iOS > Utilizing badge count,_docs/_user_guide/channels/push/platformspecific_resources/ios/utilizing_badge_count.md,moved,,
Android,_docs/_user_guide/message_building_by_channel/push/android.md,Channels > Push > Platform-specific resources > Android,_docs/_user_guide/channels/push/platformspecific_resources/android.md,moved,,
Notification channels,_docs/_user_guide/message_building_by_channel/push/android/notification_channels.md,Channels > Push > Platform-specific resources > Android > Notification channels,_docs/_user_guide/channels/push/platformspecific_resources/android/notification_channels.md,moved,,
Notification options,_docs/_user_guide/message_building_by_channel/push/android/notification_options.md,Channels > Push > Platform-specific resources > Android > Notification options,_docs/_user_guide/channels/push/platformspecific_resources/android/notification_options.md,moved,,
Rich notifications,_docs/_user_guide/message_building_by_channel/push/android/rich_notifications.md,Channels > Push > Platform-specific resources > Android > Rich notifications,_docs/_user_guide/channels/push/platformspecific_resources/android/rich_notifications.md,moved,,
Advanced campaign settings,_docs/_user_guide/message_building_by_channel/push/android/advanced_campaign_settings.md,Channels > Push > Platform-specific resources > Android > Advanced campaign settings,_docs/_user_guide/channels/push/platformspecific_resources/android/advanced_campaign_settings.md,moved,,
Push Max,_docs/_user_guide/message_building_by_channel/push/android/push_max.md,Channels > Push > Platform-specific resources > Android > Push Max,_docs/_user_guide/channels/push/platformspecific_resources/android/push_max.md,moved,,
Web,_docs/_user_guide/message_building_by_channel/push/web.md,Channels > Push > Platform-specific resources > Web,_docs/_user_guide/channels/push/platformspecific_resources/web.md,moved,"current ""Web push"" article",
Best practices,_docs/_user_guide/message_building_by_channel/push/best_practices.md,Channels > Push > Best practices,_docs/_user_guide/channels/push/best_practices.md,moved,,
Troubleshooting,_docs/_user_guide/message_building_by_channel/push/troubleshooting.md,Channels > Push > Troubleshooting,_docs/_user_guide/channels/push/troubleshooting.md,merged,"Combine ""Common push error messages"" with this article",
FAQs,_docs/_user_guide/message_building_by_channel/push/faq.md,Channels > Push > FAQs,_docs/_user_guide/channels/push/faqs.md,moved,,
"SMS, MMS, and RCS",_docs/_user_guide/message_building_by_channel/sms_mms_rcs.md,"Channels > SMS, MMS, and RCS",_docs/_user_guide/channels/sms_mms_and_rcs.md,moved,landing page is an overview of the channel family,
Message setup,_docs/_user_guide/message_building_by_channel/sms_mms_rcs/sms/sms_setup.md,"Channels > SMS, MMS, and RCS > Message setup",_docs/_user_guide/channels/sms_mms_and_rcs/message_setup.md,moved,,
"Create an SMS, MMS, or RCS message",_docs/_user_guide/message_building_by_channel/sms_mms_rcs/rcs/create.md,"Channels > SMS, MMS, and RCS > Create an SMS, MMS, or RCS message",_docs/_user_guide/channels/sms_mms_and_rcs/create_an_sms_mms_or_rcs_message.md,moved,,
Message features and optimization,_docs/_user_guide/engagement_tools/canvas/canvas_components/message_step.md,"Channels > SMS, MMS, and RCS > Message features and optimization",_docs/_user_guide/channels/sms_mms_and_rcs/message_features_and_optimization.md,moved,,
Link shortening,_docs/_user_guide/message_building_by_channel/sms_mms_rcs/link_shortening.md,"Channels > SMS, MMS, and RCS > Message features and optimization > Link shortening",_docs/_user_guide/channels/sms_mms_and_rcs/message_features_and_optimization/link_shortening.md,moved,,
Custom domains,_docs/_user_guide/message_building_by_channel/whatsapp/whatsapp_campaign/custom_domains.md,"Channels > SMS, MMS, and RCS > Message features and optimization > Custom domains",_docs/_user_guide/channels/sms_mms_and_rcs/message_features_and_optimization/custom_domains.md,moved,,
Keyword processing,_docs/_user_guide/message_building_by_channel/sms_mms_rcs/keywords.md,"Channels > SMS, MMS, and RCS > Message features and optimization > Keyword processing",_docs/_user_guide/channels/sms_mms_and_rcs/message_features_and_optimization/keyword_processing.md,moved,,
User retargeting,_docs/_user_guide/message_building_by_channel/sms_mms_rcs/retargeting.md,"Channels > SMS, MMS, and RCS > Message features and optimization > User retargeting",_docs/_user_guide/channels/sms_mms_and_rcs/message_features_and_optimization/user_retargeting.md,moved,,
Bot click filtering,_docs/_user_guide/message_building_by_channel/sms_mms_rcs/bot_click_filtering.md,"Channels > SMS, MMS, and RCS > Message features and optimization > Bot click filtering",_docs/_user_guide/channels/sms_mms_and_rcs/message_features_and_optimization/bot_click_filtering.md,moved,,
Billing calculator,_docs/_user_guide/message_building_by_channel/sms_mms_rcs/segments.md,"Channels > SMS, MMS, and RCS > Billing calculator",_docs/_user_guide/channels/sms_mms_and_rcs/billing_calculator.md,moved,,
Reporting,_docs/_user_guide/message_building_by_channel/sms_mms_rcs/campaign_analytics.md,"Channels > SMS, MMS, and RCS > Reporting",_docs/_user_guide/channels/sms_mms_and_rcs/reporting.md,moved,,
FAQ,_docs/_user_guide/message_building_by_channel/sms_mms_rcs/mms/faqs.md,"Channels > SMS, MMS, and RCS > FAQ",_docs/_user_guide/channels/sms_mms_and_rcs/faq.md,moved,,
Webhooks,_docs/_user_guide/message_building_by_channel/webhooks.md,Channels > Webhooks,_docs/_user_guide/channels/webhooks.md,moved,landing page is an overview of the channel,
Create a webhook,_docs/_user_guide/message_building_by_channel/webhooks/creating_a_webhook.md,Channels > Webhooks > Create a webhook,_docs/_user_guide/channels/webhooks/create_a_webhook.md,moved,,
Templates,_docs/_user_guide/message_building_by_channel/email/templates.md,Channels > Webhooks > Templates,_docs/_user_guide/channels/webhooks/templates.md,moved,,
Reporting,_docs/_user_guide/message_building_by_channel/webhooks/reporting.md,Channels > Webhooks > Reporting,_docs/_user_guide/channels/webhooks/reporting.md,moved,,
Use case: Create a Braze-to-Braze webhook,_docs/_user_guide/message_building_by_channel/webhooks/braze_to_braze_webhooks.md,Channels > Webhooks > Use case: Create a Braze-to-Braze webhook,_docs/_user_guide/channels/webhooks/use_case_create_a_brazetobraze_webhook.md,moved,,
Use case: Create a lead-scoring workflow,_docs/_user_guide/brazeai/predictive_churn/use_case.md,Channels > Webhooks > Use case: Create a lead-scoring workflow,_docs/_user_guide/channels/webhooks/use_case_create_a_leadscoring_workflow.md,moved,,
WhatsApp,_docs/_user_guide/message_building_by_channel/whatsapp.md,Channels > WhatsApp,_docs/_user_guide/channels/whatsapp.md,moved,landing page is an overview of the channel,
WhatsApp setup,_docs/_user_guide/message_building_by_channel/whatsapp/overview.md,Channels > WhatsApp > WhatsApp setup,_docs/_user_guide/channels/whatsapp/whatsapp_setup.md,moved,,
Embedded signup,_docs/_user_guide/message_building_by_channel/whatsapp/overview/embedded_signup.md,Channels > WhatsApp > WhatsApp setup > Embedded signup,_docs/_user_guide/channels/whatsapp/whatsapp_setup/embedded_signup.md,moved,,
User phone numbers,_docs/_user_guide/message_building_by_channel/whatsapp/user_phone_numbers.md,Channels > WhatsApp > WhatsApp setup > User phone numbers,_docs/_user_guide/channels/whatsapp/whatsapp_setup/user_phone_numbers.md,moved,,
Subscription groups,_docs/_user_guide/message_building_by_channel/whatsapp/user_subscription.md,Channels > WhatsApp > WhatsApp setup > Subscription groups,_docs/_user_guide/channels/whatsapp/whatsapp_setup/subscription_groups.md,moved,,
Multiple business accounts,_docs/_user_guide/message_building_by_channel/whatsapp/overview/multiple_subscription_groups.md,Channels > WhatsApp > WhatsApp setup > Multiple business accounts,_docs/_user_guide/channels/whatsapp/whatsapp_setup/multiple_business_accounts.md,moved,,
WhatsApp phone numbers,_docs/_user_guide/message_building_by_channel/whatsapp/overview/phone_number_migration.md,Channels > WhatsApp > WhatsApp setup > WhatsApp phone numbers,_docs/_user_guide/channels/whatsapp/whatsapp_setup/whatsapp_phone_numbers.md,moved,,
Acquire a phone number,_docs/_user_guide/message_building_by_channel/whatsapp/user_phone_numbers.md,Channels > WhatsApp > WhatsApp setup > WhatsApp phone numbers > Acquire a phone number,_docs/_user_guide/channels/whatsapp/whatsapp_setup/whatsapp_phone_numbers/acquire_a_phone_number.md,moved,,
Transfer between workspaces,_docs/_user_guide/message_building_by_channel/whatsapp/overview/transfer_between_workspaces.md,Channels > WhatsApp > WhatsApp setup > WhatsApp phone numbers > Transfer between workspaces,_docs/_user_guide/channels/whatsapp/whatsapp_setup/whatsapp_phone_numbers/transfer_between_workspaces.md,moved,,
Create a WhatsApp message,_docs/_user_guide/message_building_by_channel/whatsapp/whatsapp_campaign/create.md,Channels > WhatsApp > Create a WhatsApp message,_docs/_user_guide/channels/whatsapp/create_a_whatsapp_message.md,moved,,
Message features and optimization,_docs/_user_guide/engagement_tools/canvas/canvas_components/message_step.md,Channels > WhatsApp > Message features and optimization,_docs/_user_guide/channels/whatsapp/message_features_and_optimization.md,moved,,
Optimized delivery,_docs/_user_guide/message_building_by_channel/whatsapp/whatsapp_campaign/optimized_delivery.md,Channels > WhatsApp > Message features and optimization > Optimized delivery,_docs/_user_guide/channels/whatsapp/message_features_and_optimization/optimized_delivery.md,moved,,
Click tracking,_docs/_user_guide/message_building_by_channel/whatsapp/whatsapp_campaign/click_tracking.md,Channels > WhatsApp > Message features and optimization > Click tracking,_docs/_user_guide/channels/whatsapp/message_features_and_optimization/click_tracking.md,moved,,
WhatsApp Flows,_docs/_user_guide/message_building_by_channel/whatsapp/whatsapp_campaign/whatsapp_flows.md,Channels > WhatsApp > Message features and optimization > WhatsApp Flows,_docs/_user_guide/channels/whatsapp/message_features_and_optimization/whatsapp_flows.md,moved,,
Product messages,_docs/_user_guide/message_building_by_channel/whatsapp/whatsapp_campaign/product_messages.md,Channels > WhatsApp > Message features and optimization > Product messages,_docs/_user_guide/channels/whatsapp/message_features_and_optimization/product_messages.md,moved,,
User retargeting,_docs/_user_guide/message_building_by_channel/whatsapp/whatsapp_campaign/user_retargeting.md,Channels > WhatsApp > Message features and optimization > User retargeting,_docs/_user_guide/channels/whatsapp/message_features_and_optimization/user_retargeting.md,moved,,
Custom domains,_docs/_user_guide/message_building_by_channel/whatsapp/whatsapp_campaign/custom_domains.md,Channels > WhatsApp > Message features and optimization > Custom domains,_docs/_user_guide/channels/whatsapp/message_features_and_optimization/custom_domains.md,moved,,
Message processing,_docs/_user_guide/message_building_by_channel/whatsapp/message_processing.md,Channels > WhatsApp > Message processing,_docs/_user_guide/channels/whatsapp/message_processing.md,moved,,
Opt-ins & opt-outs,_docs/_user_guide/message_building_by_channel/whatsapp/message_processing/opt-ins_and_opt-outs.md,Channels > WhatsApp > Message processing > Opt-ins & opt-outs,_docs/_user_guide/channels/whatsapp/message_processing/optins_optouts.md,moved,,
Messaging users,_docs/_user_guide/message_building_by_channel/whatsapp/message_processing/user_messages.md,Channels > WhatsApp > Message processing > Messaging users,_docs/_user_guide/channels/whatsapp/message_processing/messaging_users.md,moved,,
Handling unknown phone numbers,_docs/_user_guide/message_building_by_channel/whatsapp/message_processing/handling_unknown_numbers.md,Channels > WhatsApp > Message processing > Handling unknown phone numbers,_docs/_user_guide/channels/whatsapp/message_processing/handling_unknown_phone_numbers.md,moved,,
Quality rating and messaging limits,_docs/_user_guide/message_building_by_channel/whatsapp/message_processing/quality_rating.md,Channels > WhatsApp > Message processing > Quality rating and messaging limits,_docs/_user_guide/channels/whatsapp/message_processing/quality_rating_and_messaging_limits.md,moved,,
Reporting,_docs/_user_guide/message_building_by_channel/whatsapp/whatsapp_campaign_analytics.md,Channels > WhatsApp > Reporting,_docs/_user_guide/channels/whatsapp/reporting.md,moved,,
Use cases,_docs/_user_guide/data/unification/data_transformation/use_cases.md,Channels > WhatsApp > Use cases,_docs/_user_guide/channels/whatsapp/use_cases.md,moved,,
Ads that click to WhatsApp,_docs/_user_guide/message_building_by_channel/whatsapp/whatsapp_use_cases/ads_that_click.md,Channels > WhatsApp > Use cases > Ads that click to WhatsApp,_docs/_user_guide/channels/whatsapp/use_cases/ads_that_click_to_whatsapp.md,moved,,
WhatsApp and external systems,_docs/_user_guide/message_building_by_channel/whatsapp/whatsapp_use_cases/external_system.md,Channels > WhatsApp > Use cases > WhatsApp and external systems,_docs/_user_guide/channels/whatsapp/use_cases/whatsapp_and_external_systems.md,moved,,
Best practices,_docs/_user_guide/message_building_by_channel/whatsapp/whatsapp_best_practices.md,Channels > WhatsApp > Best practices,_docs/_user_guide/channels/whatsapp/best_practices.md,moved,,
FAQ,_docs/_user_guide/message_building_by_channel/whatsapp/faqs.md,Channels > WhatsApp > FAQ,_docs/_user_guide/channels/whatsapp/faq.md,moved,,
Meta resources,_docs/_user_guide/message_building_by_channel/whatsapp/meta_resources.md,Channels > WhatsApp > Meta resources,_docs/_user_guide/channels/whatsapp/meta_resources.md,moved,,
Analytics,_docs/_user_guide/analytics.md,Analytics,_docs/_user_guide/analytics.md,unchanged,,
Dashboards,_docs/_user_guide/administrative/access_braze/braze_dashboard.md,Analytics > Dashboards,_docs/_user_guide/analytics/dashboards.md,moved,,
Dashboard Builder,_docs/_user_guide/analytics/reporting/dashboard_builder.md,Analytics > Dashboards > Dashboard Builder,_docs/_user_guide/analytics/dashboards/dashboard_builder.md,unchanged,,
Home,_docs/_user_guide/introduction.md,Analytics > Dashboards > Home,_docs/_user_guide/analytics/dashboards/home.md,moved,,
API usage,_docs/_user_guide/analytics/dashboard/api_usage_alerts.md,Analytics > Dashboards > API usage,_docs/_user_guide/analytics/dashboards/api_usage.md,unchanged,,
Channel performance,_docs/_user_guide/analytics/dashboard/email_performance_dashboard.md,Analytics > Dashboards > Channel performance,_docs/_user_guide/analytics/dashboards/channel_performance.md,unchanged,,
Conversions,_docs/_user_guide/engagement_tools/messaging_fundamentals/conversion_events.md,Analytics > Dashboards > Conversions,_docs/_user_guide/analytics/dashboards/conversions.md,moved,,
Deliverability Center,_docs/_user_guide/analytics/dashboard/deliverability_center.md,Analytics > Dashboards > Deliverability Center,_docs/_user_guide/analytics/dashboards/deliverability_center.md,unchanged,,
Reports,_docs/_user_guide/message_building_by_channel/email/reporting_and_analytics/email_reporting.md,Analytics > Reports,_docs/_user_guide/analytics/reports.md,moved,landing page contains an overview of all reports,
Configure reporting,_docs/_user_guide/analytics/reporting/configuring_reporting.md,Analytics > Reports > Configure reporting,_docs/_user_guide/analytics/reports/configure_reporting.md,unchanged,,
Engagement reports,_docs/_user_guide/analytics/reporting/engagement_reports.md,Analytics > Reports > Engagement reports,_docs/_user_guide/analytics/reports/engagement_reports.md,unchanged,,
Campaign analytics,_docs/_user_guide/analytics/reporting/campaign_analytics.md,Analytics > Reports > Campaign analytics,_docs/_user_guide/analytics/reports/campaign_analytics.md,unchanged,,
Canvas analytics,_docs/_user_guide/analytics/reporting/canvas_analytics.md,Analytics > Reports > Canvas analytics,_docs/_user_guide/analytics/reports/canvas_analytics.md,unchanged,,
Report Builder,_docs/_user_guide/analytics/reporting/report_builder.md,Analytics > Reports > Report Builder,_docs/_user_guide/analytics/reports/report_builder.md,unchanged,,
Query Builder,_docs/_user_guide/analytics/query_builder.md,Analytics > Reports > Query Builder,_docs/_user_guide/analytics/reports/query_builder.md,unchanged,,
Retention reports,_docs/_user_guide/analytics/reporting/retention_reports.md,Analytics > Reports > Retention reports,_docs/_user_guide/analytics/reports/retention_reports.md,unchanged,,
Funnel reports,_docs/_user_guide/analytics/reporting/funnel_reports.md,Analytics > Reports > Funnel reports,_docs/_user_guide/analytics/reports/funnel_reports.md,unchanged,,
Revenue report,_docs/_user_guide/analytics/reporting/revenue_report.md,Analytics > Reports > Revenue report,_docs/_user_guide/analytics/reports/revenue_report.md,unchanged,,
Global control group report,_docs/_user_guide/analytics/reporting/global_control_group_reporting.md,Analytics > Reports > Global control group report,_docs/_user_guide/analytics/reports/global_control_group_report.md,unchanged,,
Tracking,_docs/_user_guide/analytics/tracking.md,Analytics > Tracking,_docs/_user_guide/analytics/tracking.md,unchanged,,
Open pixel and click tracking,_docs/_user_guide/analytics/tracking/email_tracking.md,Analytics > Tracking > Open pixel and click tracking,_docs/_user_guide/analytics/tracking/open_pixel_and_click_tracking.md,unchanged,,
Uninstall tracking,_docs/_user_guide/analytics/tracking/uninstall_tracking.md,Analytics > Tracking > Uninstall tracking,_docs/_user_guide/analytics/tracking/uninstall_tracking.md,unchanged,,
Influence opens,_docs/_user_guide/analytics/tracking/influenced_opens.md,Analytics > Tracking > Influence opens,_docs/_user_guide/analytics/tracking/influence_opens.md,unchanged,,
Segment analytics tracking,_docs/_user_guide/analytics/tracking/segment_analytics_tracking.md,Analytics > Tracking > Segment analytics tracking,_docs/_user_guide/analytics/tracking/segment_analytics_tracking.md,unchanged,,
Metrics glossary,_docs/_user_guide/analytics/reporting/report_metrics.md,Analytics > Metrics glossary,_docs/_user_guide/analytics/metrics_glossary.md,merged,"combine with Email metrics glossary, waiting for confirmation from Email PMs",
BrazeAI,_docs/_user_guide/brazeai.md,BrazeAI,_docs/_user_guide/brazeai.md,unchanged,,
Agents,_docs/_user_guide/brazeai/agents.md,BrazeAI > Agents,_docs/_user_guide/brazeai/agents.md,unchanged,,
Braze MCP server,_docs/_user_guide/brazeai/mcp_server.md,BrazeAI > Braze MCP server,_docs/_user_guide/brazeai/braze_mcp_server.md,unchanged,,
Content Optimizer,_docs/_user_guide/brazeai/content_optimizer.md,BrazeAI > Content Optimizer,_docs/_user_guide/brazeai/content_optimizer.md,unchanged,,
Decisioning Studio,_docs/_user_guide/brazeai/decisioning_studio.md,BrazeAI > Decisioning Studio,_docs/_user_guide/brazeai/decisioning_studio.md,unchanged,,
Generative AI,_docs/_user_guide/brazeai/generative_ai.md,BrazeAI > Generative AI,_docs/_user_guide/brazeai/generative_ai.md,unchanged,,
Intelligence Suite,_docs/_user_guide/brazeai/intelligence.md,BrazeAI > Intelligence Suite,_docs/_user_guide/brazeai/intelligence_suite.md,unchanged,,
Item recommendations,_docs/_user_guide/brazeai/recommendations.md,BrazeAI > Item recommendations,_docs/_user_guide/brazeai/item_recommendations.md,unchanged,,
Operator,_docs/_user_guide/brazeai/operator.md,BrazeAI > Operator,_docs/_user_guide/brazeai/operator.md,unchanged,,
Predictive Suite,_docs/_user_guide/brazeai/predictive_churn.md,BrazeAI > Predictive Suite,_docs/_user_guide/brazeai/predictive_suite.md,unchanged,,
