file,line,original_excerpt,replacement,confidence
_docs/_partners/isv_partners/currents_integration.md,23,will continue to,continues to,rerun
_docs/_partners/isv_partners/currents_integration.md,23,will be,is,rerun
_docs/_partners/isv_partners/currents_integration.md,23,will be,is,rerun
_docs/_partners/isv_partners/currents_integration.md,48,will be,is,rerun
_docs/_partners/isv_partners/currents_integration.md,387,will be,is,rerun
_docs/_partners/isv_partners/currents_integration.md,405,will be,is,rerun
_docs/_partners/isv_partners/currents_integration.md,421,will continue to,continues to,rerun
_docs/_partners/isv_partners/currents_integration.md,421,will be,is,rerun
_docs/_partners/isv_partners/currents_integration.md,425,will be,is,rerun
_docs/_partners/isv_partners/currents_integration.md,431,will be,is,rerun
_docs/_partners/isv_partners/currents_integration.md,450,will be re-sent,is re-sent,rerun
_docs/_partners/isv_partners/currents_integration.md,450,will be,is,rerun
_docs/_partners/isv_partners/currents_integration.md,455,will be split into,is split into,rerun
_docs/_partners/isv_partners/currents_integration.md,455,will be,is,rerun
_docs/_partners/isv_partners/currents_integration.md,460,will be re-sent,is re-sent,rerun
_docs/_partners/isv_partners/currents_integration.md,460,will be,is,rerun
_docs/_partners/isv_partners/currents_integration.md,465,will be re-sent,is re-sent,rerun
_docs/_partners/isv_partners/currents_integration.md,465,will be,is,rerun
_docs/_partners/isv_partners/currents_integration.md,470,will be re-sent,is re-sent,rerun
_docs/_partners/isv_partners/currents_integration.md,470,will be,is,rerun
_docs/_partners/isv_partners/currents_integration.md,475,will be split into,is split into,rerun
_docs/_partners/isv_partners/currents_integration.md,480,will be re-sent,is re-sent,rerun
_docs/_partners/isv_partners/currents_integration.md,480,will be,is,rerun
_docs/_partners/isv_partners/cohort_import.md,13,will be,is,rerun
_docs/_partners/isv_partners/cohort_import.md,44,will provide,provides,rerun
_docs/_partners/isv_partners/cohort_import.md,44,will provide,provides,rerun
_docs/_partners/isv_partners/cohort_import.md,60,will be,is,rerun
_docs/_partners/isv_partners/cohort_import.md,60,will be,is,rerun
_docs/_partners/isv_partners/cohort_import.md,86,will be,is,rerun
_docs/_partners/isv_partners/cohort_import.md,86,will be,is,rerun
_docs/_partners/isv_partners/cohort_import.md,112,will provide,provides,rerun
_docs/_partners/isv_partners/snowflake_datasharing.md,18,you will,you,rerun
_docs/_partners/isv_partners/snowflake_datasharing.md,18,will appear,appears,rerun
_docs/_partners/isv_partners/snowflake_datasharing.md,46,will be,is,rerun
_docs/_partners/isv_partners/snowflake_datasharing.md,53,we will,we,rerun
_docs/_partners/isv_partners/best_practices.md,26,will be created,is created,rerun
_docs/_partners/isv_partners/best_practices.md,26,will be added,is added,rerun
_docs/_partners/isv_partners/best_practices.md,27,will be,is,rerun
_docs/_partners/isv_partners/best_practices.md,28,will be,is,rerun
_docs/_partners/isv_partners/best_practices.md,43,will be,is,rerun
_docs/_partners/isv_partners/best_practices.md,43,will be,is,rerun
_docs/_partners/isv_partners/best_practices.md,155,will continue to,continues to,rerun
_docs/_partners/data_and_analytics/data_warehouses/snowflake.md,56,will send,sends,rerun
_docs/_partners/data_and_analytics/data_warehouses/snowflake.md,73,you will,you,rerun
_docs/_partners/data_and_analytics/data_warehouses/snowflake.md,111,will be,is,rerun
_docs/_partners/data_and_analytics/data_warehouses/snowflake.md,124,will be,is,rerun
_docs/_partners/data_and_analytics/data_warehouses/snowflake.md,126,will be,is,rerun
_docs/_partners/data_and_analytics/data_warehouses/snowflake.md,134,we will,we,rerun
_docs/_partners/data_and_analytics/data_warehouses/snowflake/faqs.md,25,will be available,is available,rerun
_docs/_partners/data_and_analytics/data_warehouses/snowflake/data_retention.md,27,will be,is,rerun
_docs/_partners/data_and_analytics/data_warehouses/snowflake/data_retention.md,165,will be,is,rerun
_docs/_partners/data_and_analytics/leads_capture/facebook_via_zapier.md,23,You will,You,rerun
_docs/_partners/data_and_analytics/leads_capture/facebook_via_zapier.md,24,You will,You,rerun
_docs/_partners/data_and_analytics/leads_capture/facebook_via_zapier.md,25,You will,You,rerun
_docs/_partners/data_and_analytics/leads_capture/facebook_via_zapier.md,26,will be,is,rerun
_docs/_partners/data_and_analytics/leads_capture/justuno.md,58,will send,sends,rerun
_docs/_partners/data_and_analytics/leads_capture/viralsweep.md,47,will be,is,rerun
_docs/_partners/data_and_analytics/leads_capture/viralsweep.md,68,will be,is,rerun
_docs/_partners/data_and_analytics/cohort_import/kubit.md,17,you will,you,rerun
_docs/_partners/data_and_analytics/cohort_import/kubit.md,44,will be added,is added,rerun
_docs/_partners/data_and_analytics/cohort_import/kubit.md,48,will be,is,rerun
_docs/_partners/data_and_analytics/cohort_import/appsflyer_audiences.md,49,you will,you,rerun
_docs/_partners/data_and_analytics/cohort_import/appsflyer_audiences.md,56,will be available,is available,rerun
_docs/_partners/data_and_analytics/cohort_import/appsflyer_audiences.md,67,will be added,is added,rerun
_docs/_partners/data_and_analytics/cohort_import/tinyclues.md,32,you will,you,rerun
_docs/_partners/data_and_analytics/cohort_import/tinyclues.md,40,will be,is,rerun
_docs/_partners/data_and_analytics/cohort_import/tinyclues.md,34,you will,you,rerun
_docs/_partners/data_and_analytics/cohort_import/tinyclues.md,54,will be added,is added,rerun
_docs/_partners/data_and_analytics/cohort_import/treasuredata.md,32,you will,you,rerun
_docs/_partners/data_and_analytics/cohort_import/treasuredata.md,49,will be added,is added,rerun
_docs/_partners/data_and_analytics/cohort_import/treasuredata.md,57,will be added,is added,rerun
_docs/_partners/data_and_analytics/cohort_import/treasuredata.md,92,will be added,is added,rerun
_docs/_partners/data_and_analytics/cohort_import/treasuredata.md,119,will be added,is added,rerun
_docs/_partners/data_and_analytics/cohort_import/treasuredata.md,150,will be added,is added,rerun
_docs/_partners/data_and_analytics/cohort_import/treasuredata.md,169,will appear,appears,rerun
_docs/_partners/data_and_analytics/cohort_import/treasuredata.md,168,will be,is,rerun
_docs/_partners/data_and_analytics/cohort_import/treasuredata.md,169,will be,is,rerun
_docs/_partners/data_and_analytics/cohort_import/treasuredata.md,171,will be,is,rerun
_docs/_partners/data_and_analytics/cohort_import/treasuredata.md,171,will be,is,rerun
_docs/_partners/data_and_analytics/cohort_import/treasuredata.md,196,will appear,appears,rerun
_docs/_partners/data_and_analytics/cohort_import/treasuredata.md,195,will be,is,rerun
_docs/_partners/data_and_analytics/cohort_import/treasuredata.md,196,will be,is,rerun
_docs/_partners/data_and_analytics/cohort_import/treasuredata.md,198,will be,is,rerun
_docs/_partners/data_and_analytics/cohort_import/treasuredata.md,198,will be,is,rerun
_docs/_partners/data_and_analytics/cohort_import/treasuredata.md,207,will be,is,rerun
_docs/_partners/data_and_analytics/cohort_import/treasuredata.md,212,will be,is,rerun
_docs/_partners/data_and_analytics/cohort_import/treasuredata.md,212,will be,is,rerun
_docs/_partners/data_and_analytics/cohort_import/treasuredata.md,216,will be,is,rerun
_docs/_partners/data_and_analytics/data_privacy/ketch.md,37,will be,is,rerun
_docs/_partners/data_and_analytics/data_privacy/ketch.md,60,You will,You,rerun
_docs/_partners/data_and_analytics/data_privacy/onetrust.md,53,will be,is,rerun
_docs/_partners/data_and_analytics/data_privacy/onetrust.md,53,will be,is,rerun
_docs/_partners/data_and_analytics/data_privacy/onetrust.md,60,will be,is,rerun
_docs/_partners/data_and_analytics/data_privacy/onetrust.md,60,will be,is,rerun
_docs/_partners/data_and_analytics/data_privacy/datagrail.md,19,will be added,is added,rerun
_docs/_partners/data_and_analytics/business_intelligence/looker.md,66,will be,is,rerun
_docs/_partners/data_and_analytics/business_intelligence/looker.md,100,will be,is,rerun
_docs/_partners/data_and_analytics/business_intelligence/looker.md,108,will be,is,rerun
_docs/_partners/data_and_analytics/business_intelligence/looker.md,113,will be,is,rerun
_docs/_partners/data_and_analytics/business_intelligence/datadog.md,37,will send,sends,rerun
_docs/_partners/data_and_analytics/business_intelligence/datadog.md,29,you will,you,rerun
_docs/_partners/data_and_analytics/business_intelligence/clarisights.md,28,will be,is,rerun
_docs/_partners/data_and_analytics/business_intelligence/clarisights.md,58,you will,you,rerun
_docs/_partners/data_and_analytics/business_intelligence/clarisights.md,64,will start,starts,rerun
_docs/_partners/data_and_analytics/ab_testing/vwo.md,38,will start,starts,rerun
_docs/_partners/data_and_analytics/ab_testing/kameleoon.md,46,You will,You,rerun
_docs/_partners/data_and_analytics/ab_testing/kameleoon.md,62,will be,is,rerun
_docs/_partners/data_and_analytics/ab_testing/kameleoon.md,90,will send,sends,rerun
_docs/_partners/data_and_analytics/ab_testing/kameleoon.md,96,will be,is,rerun
_docs/_partners/data_and_analytics/workflow_automation/mozart_data.md,55,will be,is,rerun
_docs/_partners/data_and_analytics/workflow_automation/mozart_data.md,60,will be,is,rerun
_docs/_partners/data_and_analytics/workflow_automation/mozart_data.md,72,you will,you,rerun
_docs/_partners/data_and_analytics/workflow_automation/mozart_data.md,72,you will,you,rerun
_docs/_partners/data_and_analytics/workflow_automation/mozart_data.md,85,you will,you,rerun
_docs/_partners/data_and_analytics/workflow_automation/mozart_data.md,100,will be,is,rerun
_docs/_partners/data_and_analytics/workflow_automation/fivetran.md,37,you will,you,rerun
_docs/_partners/data_and_analytics/workflow_automation/fivetran.md,87,will provide,provides,rerun
_docs/_partners/data_and_analytics/workflow_automation/fivetran.md,133,you will,you,rerun
_docs/_partners/data_and_analytics/workflow_automation/nexla.md,60,will update,updates,rerun
_docs/_partners/data_and_analytics/workflow_automation/zapier.md,26,will be,is,rerun
_docs/_partners/data_and_analytics/reverse_etl/census.md,43,will be,is,rerun
_docs/_partners/data_and_analytics/reverse_etl/census.md,39,you will,you,rerun
_docs/_partners/data_and_analytics/reverse_etl/census.md,49,you will,you,rerun
_docs/_partners/data_and_analytics/reverse_etl/hightouch/hightouch_cohort_import.md,18,you will,you,rerun
_docs/_partners/data_and_analytics/reverse_etl/hightouch/hightouch_cohort_import.md,27,will be added,is added,rerun
_docs/_partners/data_and_analytics/reverse_etl/census/census_cohort_import.md,30,will be,is,rerun
_docs/_partners/data_and_analytics/reverse_etl/census/census_cohort_import.md,26,you will,you,rerun
_docs/_partners/data_and_analytics/reverse_etl/census/census_cohort_import.md,39,will be added,is added,rerun
_docs/_partners/data_and_analytics/reverse_etl/census/census_cohort_import.md,48,will be added,is added,rerun
_docs/_partners/data_and_analytics/loyalty/antavo.md,54,will be,is,rerun
_docs/_partners/data_and_analytics/loyalty/antavo.md,70,will be,is,rerun
_docs/_partners/data_and_analytics/loyalty/sessionm.md,230,will be added,is added,rerun
_docs/_partners/data_and_analytics/loyalty/punchh/code_generation.md,20,will be,is,rerun
_docs/_partners/data_and_analytics/loyalty/punchh/code_generation.md,21,will be,is,rerun
_docs/_partners/data_and_analytics/loyalty/punchh/code_generation.md,30,will be,is,rerun
_docs/_partners/data_and_analytics/loyalty/punchh/code_generation.md,97,will be,is,rerun
_docs/_partners/data_and_analytics/loyalty/punchh/punchh.md,19,will be available,is available,rerun
_docs/_partners/data_and_analytics/loyalty/punchh/punchh.md,42,will be,is,rerun
_docs/_partners/data_and_analytics/loyalty/punchh/punchh.md,42,will be,is,rerun
_docs/_partners/data_and_analytics/loyalty/punchh/punchh.md,57,will be,is,rerun
_docs/_partners/data_and_analytics/loyalty/punchh/punchh.md,166,will be,is,rerun
_docs/_partners/data_and_analytics/loyalty/punchh/punchh.md,189,will receive,receives,rerun
_docs/_partners/data_and_analytics/loyalty/punchh/punchh.md,189,will be,is,rerun
_docs/_partners/data_and_analytics/loyalty/punchh/punchh.md,235,will be created,is created,rerun
_docs/_partners/data_and_analytics/loyalty/punchh/punchh.md,233,will be,is,rerun
_docs/_partners/data_and_analytics/loyalty/punchh/punchh.md,258,will be,is,rerun
_docs/_partners/data_and_analytics/loyalty/punchh/punchh.md,258,will be,is,rerun
_docs/_partners/data_and_analytics/loyalty/punchh/punchh.md,271,will send,sends,rerun
_docs/_partners/data_and_analytics/customer_data_platform/lexer.md,45,will provide,provides,rerun
_docs/_partners/data_and_analytics/customer_data_platform/lexer.md,45,you will,you,rerun
_docs/_partners/data_and_analytics/customer_data_platform/lexer.md,47,you will,you,rerun
_docs/_partners/data_and_analytics/customer_data_platform/lexer.md,69,you will,you,rerun
_docs/_partners/data_and_analytics/customer_data_platform/lexer.md,73,you will,you,rerun
_docs/_partners/data_and_analytics/customer_data_platform/snowplow.md,78,will be,is,rerun
_docs/_partners/data_and_analytics/customer_data_platform/snowplow.md,79,will be,is,rerun
_docs/_partners/data_and_analytics/customer_data_platform/snowplow.md,88,will be,is,rerun
_docs/_partners/data_and_analytics/customer_data_platform/snowplow.md,119,will be,is,rerun
_docs/_partners/data_and_analytics/customer_data_platform/merkury.md,18,will update,updates,rerun
_docs/_partners/data_and_analytics/customer_data_platform/merkury.md,32,will send,sends,rerun
_docs/_partners/data_and_analytics/customer_data_platform/merkury.md,45,will be,is,rerun
_docs/_partners/data_and_analytics/customer_data_platform/merkury.md,49,will be,is,rerun
_docs/_partners/data_and_analytics/customer_data_platform/blueconic.md,22,will send,sends,rerun
_docs/_partners/data_and_analytics/customer_data_platform/blueconic.md,29,You will,You,rerun
_docs/_partners/data_and_analytics/customer_data_platform/blueconic.md,32,You will,You,rerun
_docs/_partners/data_and_analytics/customer_data_platform/blueconic.md,34,You will,You,rerun
_docs/_partners/data_and_analytics/customer_data_platform/blueconic.md,72,will be,is,rerun
_docs/_partners/data_and_analytics/customer_data_platform/lemnisk.md,57,will be,is,rerun
_docs/_partners/data_and_analytics/customer_data_platform/growthloop.md,46,will appear,appears,rerun
_docs/_partners/data_and_analytics/customer_data_platform/growthloop.md,48,will be,is,rerun
_docs/_partners/data_and_analytics/customer_data_platform/redpoint.md,86,You will,You,rerun
_docs/_partners/data_and_analytics/customer_data_platform/redpoint.md,116,will be,is,rerun
_docs/_partners/data_and_analytics/customer_data_platform/redpoint.md,124,will be,is,rerun
_docs/_partners/data_and_analytics/customer_data_platform/celebrus.md,29,will be,is,rerun
_docs/_partners/data_and_analytics/customer_data_platform/celebrus.md,31,you will,you,rerun
_docs/_partners/data_and_analytics/customer_data_platform/celebrus.md,57,will be,is,rerun
_docs/_partners/data_and_analytics/customer_data_platform/dynamics_365_customer_insights.md,24,You will,You,rerun
_docs/_partners/data_and_analytics/customer_data_platform/dynamics_365_customer_insights.md,36,will be,is,rerun
_docs/_partners/data_and_analytics/customer_data_platform/dynamics_365_customer_insights.md,57,will be,is,rerun
_docs/_partners/data_and_analytics/customer_data_platform/dynamics_365_customer_insights.md,58,will be created,is created,rerun
_docs/_partners/data_and_analytics/customer_data_platform/dynamics_365_customer_insights.md,66,will be,is,rerun
_docs/_partners/data_and_analytics/customer_data_platform/lytics.md,71,will be,is,rerun
_docs/_partners/data_and_analytics/customer_data_platform/lytics.md,78,will send,sends,rerun
_docs/_partners/data_and_analytics/customer_data_platform/lytics.md,106,will be created,is created,rerun
_docs/_partners/data_and_analytics/customer_data_platform/octolis.md,64,will send,sends,rerun
_docs/_partners/data_and_analytics/customer_data_platform/octolis.md,73,will send,sends,rerun
_docs/_partners/data_and_analytics/customer_data_platform/octolis.md,68,will appear,appears,rerun
_docs/_partners/data_and_analytics/customer_data_platform/octolis.md,89,will send,sends,rerun
_docs/_partners/data_and_analytics/customer_data_platform/octolis.md,89,will be,is,rerun
_docs/_partners/data_and_analytics/customer_data_platform/octolis.md,89,will be,is,rerun
_docs/_partners/data_and_analytics/customer_data_platform/octolis.md,91,will be,is,rerun
_docs/_partners/data_and_analytics/customer_data_platform/octolis.md,87,you will,you,rerun
_docs/_partners/data_and_analytics/customer_data_platform/amperity.md,59,will be,is,rerun
_docs/_partners/data_and_analytics/customer_data_platform/amperity.md,61,will be,is,rerun
_docs/_partners/data_and_analytics/customer_data_platform/amperity.md,65,will be,is,rerun
_docs/_partners/data_and_analytics/customer_data_platform/amperity.md,87,will be created,is created,rerun
_docs/_partners/data_and_analytics/customer_data_platform/amperity.md,156,will be added,is added,rerun
_docs/_partners/data_and_analytics/customer_data_platform/amperity.md,181,will be,is,rerun
_docs/_partners/data_and_analytics/customer_data_platform/actioniq.md,48,will update,updates,rerun
_docs/_partners/data_and_analytics/customer_data_platform/tealium/tealium_for_currents.md,32,will provide,provides,rerun
_docs/_partners/data_and_analytics/customer_data_platform/tealium/tealium_for_currents.md,32,you will,you,rerun
_docs/_partners/data_and_analytics/customer_data_platform/tealium/tealium_for_currents.md,41,will be,is,rerun
_docs/_partners/data_and_analytics/customer_data_platform/tealium/tealium_for_currents.md,41,will be,is,rerun
_docs/_partners/data_and_analytics/customer_data_platform/tealium/tealium_for_currents.md,41,will be,is,rerun
_docs/_partners/data_and_analytics/customer_data_platform/tealium/tealium_audience_stream.md,106,will be,is,rerun
_docs/_partners/data_and_analytics/customer_data_platform/tealium/tealium_audience_stream.md,128,will appear,appears,rerun
_docs/_partners/data_and_analytics/customer_data_platform/tealium/tealium_audience_stream.md,138,will send,sends,rerun
_docs/_partners/data_and_analytics/customer_data_platform/tealium/tealium_audience_stream.md,138,will be,is,rerun
_docs/_partners/data_and_analytics/customer_data_platform/tealium/tealium_audience_stream.md,138,you will,you,rerun
_docs/_partners/data_and_analytics/customer_data_platform/tealium/tealium_audience_stream.md,154,will be created,is created,rerun
_docs/_partners/data_and_analytics/customer_data_platform/tealium/tealium_audience_stream.md,154,will be created,is created,rerun
_docs/_partners/data_and_analytics/customer_data_platform/tealium/tealium_audience_stream.md,154,will be,is,rerun
_docs/_partners/data_and_analytics/customer_data_platform/tealium/tealium_audience_stream.md,154,will be,is,rerun
_docs/_partners/data_and_analytics/customer_data_platform/tealium/tealium_audience_stream.md,156,will be created,is created,rerun
_docs/_partners/data_and_analytics/customer_data_platform/tealium/tealium_audience_stream.md,156,will be created,is created,rerun
_docs/_partners/data_and_analytics/customer_data_platform/tealium/tealium_audience_stream.md,156,will be,is,rerun
_docs/_partners/data_and_analytics/customer_data_platform/tealium/tealium_audience_stream.md,159,will be created,is created,rerun
_docs/_partners/data_and_analytics/customer_data_platform/tealium/tealium_audience_stream.md,159,will be created,is created,rerun
_docs/_partners/data_and_analytics/customer_data_platform/tealium/tealium_audience_stream.md,159,will be,is,rerun
_docs/_partners/data_and_analytics/customer_data_platform/tealium/tealium_audience_stream.md,160,will be,is,rerun
_docs/_partners/data_and_analytics/customer_data_platform/tealium/tealium_audience_stream.md,186,will be,is,rerun
_docs/_partners/data_and_analytics/customer_data_platform/tealium/tealium_audience_stream.md,186,will be,is,rerun
_docs/_partners/data_and_analytics/customer_data_platform/tealium/tealium_audience_stream.md,227,will send,sends,rerun
_docs/_partners/data_and_analytics/customer_data_platform/tealium/tealium.md,71,you will,you,rerun
_docs/_partners/data_and_analytics/customer_data_platform/tealium/tealium.md,79,you will,you,rerun
_docs/_partners/data_and_analytics/customer_data_platform/tealium/tealium.md,115,you will,you,rerun
_docs/_partners/data_and_analytics/customer_data_platform/tealium/tealium.md,147,will be,is,rerun
_docs/_partners/data_and_analytics/customer_data_platform/tealium/tealium.md,149,You will,You,rerun
_docs/_partners/data_and_analytics/customer_data_platform/tealium/tealium.md,156,will be,is,rerun
_docs/_partners/data_and_analytics/customer_data_platform/tealium/tealium.md,184,will send,sends,rerun
_docs/_partners/data_and_analytics/customer_data_platform/tealium/tealium.md,184,you will,you,rerun
_docs/_partners/data_and_analytics/customer_data_platform/tealium/tealium.md,200,will be created,is created,rerun
_docs/_partners/data_and_analytics/customer_data_platform/tealium/tealium.md,200,will be created,is created,rerun
_docs/_partners/data_and_analytics/customer_data_platform/tealium/tealium.md,200,will be,is,rerun
_docs/_partners/data_and_analytics/customer_data_platform/tealium/tealium.md,200,will be,is,rerun
_docs/_partners/data_and_analytics/customer_data_platform/tealium/tealium.md,202,will be created,is created,rerun
_docs/_partners/data_and_analytics/customer_data_platform/tealium/tealium.md,202,will be created,is created,rerun
_docs/_partners/data_and_analytics/customer_data_platform/tealium/tealium.md,202,will be,is,rerun
_docs/_partners/data_and_analytics/customer_data_platform/tealium/tealium.md,205,will be created,is created,rerun
_docs/_partners/data_and_analytics/customer_data_platform/tealium/tealium.md,205,will be created,is created,rerun
_docs/_partners/data_and_analytics/customer_data_platform/tealium/tealium.md,205,will be,is,rerun
_docs/_partners/data_and_analytics/customer_data_platform/tealium/tealium.md,206,will be,is,rerun
_docs/_partners/data_and_analytics/customer_data_platform/tealium/tealium.md,259,will send,sends,rerun
_docs/_partners/data_and_analytics/customer_data_platform/segment/segment.md,48,will be,is,rerun
_docs/_partners/data_and_analytics/customer_data_platform/segment/segment.md,52,you will,you,rerun
_docs/_partners/data_and_analytics/customer_data_platform/segment/segment.md,136,will be,is,rerun
_docs/_partners/data_and_analytics/customer_data_platform/segment/segment.md,136,will be,is,rerun
_docs/_partners/data_and_analytics/customer_data_platform/segment/segment.md,192,will be,is,rerun
_docs/_partners/data_and_analytics/customer_data_platform/segment/segment.md,195,will be,is,rerun
_docs/_partners/data_and_analytics/customer_data_platform/segment/segment.md,197,will send,sends,rerun
_docs/_partners/data_and_analytics/customer_data_platform/segment/segment.md,198,will send,sends,rerun
_docs/_partners/data_and_analytics/customer_data_platform/segment/segment.md,236,will be,is,rerun
_docs/_partners/data_and_analytics/customer_data_platform/segment/segment.md,236,will be,is,rerun
_docs/_partners/data_and_analytics/customer_data_platform/segment/segment.md,339,will be,is,rerun
_docs/_partners/data_and_analytics/customer_data_platform/segment/segment.md,360,we will,we,rerun
_docs/_partners/data_and_analytics/customer_data_platform/segment/segment.md,362,will be,is,rerun
_docs/_partners/data_and_analytics/customer_data_platform/segment/segment.md,375,we will,we,rerun
_docs/_partners/data_and_analytics/customer_data_platform/segment/segment.md,395,you will,you,rerun
_docs/_partners/data_and_analytics/customer_data_platform/segment/segment.md,425,will send,sends,rerun
_docs/_partners/data_and_analytics/customer_data_platform/segment/segment.md,425,will send,sends,rerun
_docs/_partners/data_and_analytics/customer_data_platform/segment/segment.md,457,will be,is,rerun
_docs/_partners/data_and_analytics/customer_data_platform/segment/segment_engage.md,43,you will,you,rerun
_docs/_partners/data_and_analytics/customer_data_platform/segment/segment_engage.md,66,will appear,appears,rerun
_docs/_partners/data_and_analytics/customer_data_platform/segment/segment_engage.md,67,will appear,appears,rerun
_docs/_partners/data_and_analytics/customer_data_platform/segment/segment_engage.md,87,will appear,appears,rerun
_docs/_partners/data_and_analytics/customer_data_platform/segment/segment_for_currents.md,32,you will,you,rerun
_docs/_partners/data_and_analytics/customer_data_platform/segment/segment_for_currents.md,35,will be,is,rerun
_docs/_partners/data_and_analytics/customer_data_platform/segment/segment_for_currents.md,35,will be,is,rerun
_docs/_partners/data_and_analytics/customer_data_platform/amplitude/amplitude_cohort_import.md,19,you will,you,rerun
_docs/_partners/data_and_analytics/customer_data_platform/amplitude/amplitude_cohort_import.md,41,will be added,is added,rerun
_docs/_partners/data_and_analytics/customer_data_platform/amplitude/amplitude_user_profile_api.md,30,will be,is,rerun
_docs/_partners/data_and_analytics/customer_data_platform/amplitude/amplitude_user_profile_api.md,38,will be,is,rerun
_docs/_partners/data_and_analytics/customer_data_platform/amplitude/amplitude_for_currents.md,28,will be,is,rerun
_docs/_partners/data_and_analytics/customer_data_platform/amplitude/amplitude_for_currents.md,34,you will,you,rerun
_docs/_partners/data_and_analytics/customer_data_platform/amplitude/amplitude_for_currents.md,42,will be,is,rerun
_docs/_partners/data_and_analytics/customer_data_platform/amplitude/amplitude_for_currents.md,42,will be,is,rerun
_docs/_partners/data_and_analytics/customer_data_platform/amplitude/amplitude_for_currents.md,51,will be,is,rerun
_docs/_partners/data_and_analytics/customer_data_platform/amplitude/amplitude_for_currents.md,51,will be,is,rerun
_docs/_partners/data_and_analytics/customer_data_platform/amplitude/amplitude_for_currents.md,70,will appear,appears,rerun
_docs/_partners/data_and_analytics/customer_data_platform/amplitude/amplitude_audiences.md,42,will receive,receives,rerun
_docs/_partners/data_and_analytics/customer_data_platform/amplitude/amplitude_audiences.md,58,will update,updates,rerun
_docs/_partners/data_and_analytics/customer_data_platform/amplitude/amplitude_audiences.md,56,will be,is,rerun
_docs/_partners/data_and_analytics/customer_data_platform/adobe/adobe.md,15,will be,is,rerun
_docs/_partners/data_and_analytics/customer_data_platform/adobe/adobe.md,59,will be,is,rerun
_docs/_partners/data_and_analytics/customer_data_platform/adobe/event_forwarding_extension.md,50,will be,is,rerun
_docs/_partners/data_and_analytics/customer_data_platform/adobe/event_forwarding_extension.md,115,will be,is,rerun
_docs/_partners/data_and_analytics/customer_data_platform/adobe/event_forwarding_extension.md,150,will be,is,rerun
_docs/_partners/data_and_analytics/customer_data_platform/adobe/event_forwarding_extension.md,183,will be,is,rerun
_docs/_partners/data_and_analytics/customer_data_platform/adobe/event_forwarding_extension.md,191,you will,you,rerun
_docs/_partners/data_and_analytics/customer_data_platform/zeotap/zeotap.md,48,will appear,appears,rerun
_docs/_partners/data_and_analytics/customer_data_platform/zeotap/zeotap.md,52,you will,you,rerun
_docs/_partners/data_and_analytics/customer_data_platform/rudderstack/rudderstack_for_currents.md,32,will provide,provides,rerun
_docs/_partners/data_and_analytics/customer_data_platform/rudderstack/rudderstack_for_currents.md,32,you will,you,rerun
_docs/_partners/data_and_analytics/customer_data_platform/rudderstack/rudderstack.md,45,will send,sends,rerun
_docs/_partners/data_and_analytics/customer_data_platform/rudderstack/rudderstack.md,72,you will,you,rerun
_docs/_partners/data_and_analytics/customer_data_platform/treasure_data/treasure_data_for_currents.md,41,will provide,provides,rerun
_docs/_partners/data_and_analytics/customer_data_platform/treasure_data/treasure_data_for_currents.md,50,will be,is,rerun
_docs/_partners/data_and_analytics/customer_data_platform/treasure_data/treasure_data_for_currents.md,50,will be,is,rerun
_docs/_partners/data_and_analytics/customer_data_platform/mParticle/mparticle_for_currents.md,32,will be,is,rerun
_docs/_partners/data_and_analytics/customer_data_platform/mParticle/mparticle_for_currents.md,34,will be,is,rerun
_docs/_partners/data_and_analytics/customer_data_platform/mParticle/mparticle_for_currents.md,34,will be,is,rerun
_docs/_partners/data_and_analytics/customer_data_platform/mParticle/mparticle_for_currents.md,42,You will,You,rerun
_docs/_partners/data_and_analytics/customer_data_platform/mParticle/mparticle_for_currents.md,46,will be,is,rerun
_docs/_partners/data_and_analytics/customer_data_platform/mParticle/mparticle_for_currents.md,50,will provide,provides,rerun
_docs/_partners/data_and_analytics/customer_data_platform/mParticle/mparticle_for_currents.md,59,will be,is,rerun
_docs/_partners/data_and_analytics/customer_data_platform/mParticle/mparticle_for_currents.md,59,will be,is,rerun
_docs/_partners/data_and_analytics/customer_data_platform/mParticle/mparticle.md,61,you will,you,rerun
_docs/_partners/data_and_analytics/customer_data_platform/mParticle/mparticle.md,73,will be,is,rerun
_docs/_partners/data_and_analytics/customer_data_platform/mParticle/mparticle.md,84,will send,sends,rerun
_docs/_partners/data_and_analytics/customer_data_platform/mParticle/mparticle.md,88,will send,sends,rerun
_docs/_partners/data_and_analytics/customer_data_platform/mParticle/mparticle.md,92,will send,sends,rerun
_docs/_partners/data_and_analytics/customer_data_platform/mParticle/mparticle.md,96,will send,sends,rerun
_docs/_partners/data_and_analytics/customer_data_platform/mParticle/mparticle.md,113,will be,is,rerun
_docs/_partners/data_and_analytics/customer_data_platform/mParticle/mparticle.md,134,will update,updates,rerun
_docs/_partners/data_and_analytics/customer_data_platform/mParticle/mparticle.md,151,will be,is,rerun
_docs/_partners/data_and_analytics/customer_data_platform/mParticle/mparticle.md,152,will be,is,rerun
_docs/_partners/data_and_analytics/customer_data_platform/mParticle/mparticle.md,152,will be,is,rerun
_docs/_partners/data_and_analytics/customer_data_platform/mParticle/mparticle.md,159,will be,is,rerun
_docs/_partners/data_and_analytics/customer_data_platform/mParticle/mparticle.md,221,will be,is,rerun
_docs/_partners/data_and_analytics/customer_data_platform/mParticle/mparticle.md,231,will be,is,rerun
_docs/_partners/data_and_analytics/customer_data_platform/mParticle/mparticle.md,231,will be,is,rerun
_docs/_partners/data_and_analytics/customer_data_platform/mParticle/mparticle.md,232,will be,is,rerun
_docs/_partners/data_and_analytics/customer_data_platform/mParticle/mparticle.md,232,will be,is,rerun
_docs/_partners/data_and_analytics/customer_data_platform/mParticle/mparticle.md,232,will be,is,rerun
_docs/_partners/data_and_analytics/customer_data_platform/mParticle/mparticle.md,239,will be,is,rerun
_docs/_partners/data_and_analytics/customer_data_platform/mParticle/mparticle.md,252,will send,sends,rerun
_docs/_partners/data_and_analytics/customer_data_platform/mParticle/mparticle.md,255,will be,is,rerun
_docs/_partners/data_and_analytics/customer_data_platform/mParticle/mparticle.md,256,will be,is,rerun
_docs/_partners/data_and_analytics/customer_data_platform/mParticle/mparticle.md,266,will be,is,rerun
_docs/_partners/data_and_analytics/analytics/inbox_monster.md,24,will be,is,rerun
_docs/_partners/data_and_analytics/analytics/contentsquare.md,45,will update,updates,rerun
_docs/_partners/data_and_analytics/analytics/contentsquare.md,51,will be available,is available,rerun
_docs/_partners/data_and_analytics/analytics/npaw.md,41,will be,is,rerun
_docs/_partners/data_and_analytics/analytics/npaw.md,52,you will,you,rerun
_docs/_partners/data_and_analytics/analytics/kickbox.md,16,will send,sends,rerun
_docs/_partners/data_and_analytics/analytics/mixpanel.md,36,will be,is,rerun
_docs/_partners/data_and_analytics/analytics/mixpanel.md,36,you will,you,rerun
_docs/_partners/data_and_analytics/analytics/mixpanel/mixpanel_cohort_import.md,18,will be removed,is removed,rerun
_docs/_partners/data_and_analytics/analytics/mixpanel/mixpanel_cohort_import.md,23,you will,you,rerun
_docs/_partners/data_and_analytics/analytics/mixpanel/mixpanel_cohort_import.md,40,will be added,is added,rerun
_docs/_partners/data_and_analytics/analytics/heap/heap_cohort_import.md,24,you will,you,rerun
_docs/_partners/data_and_analytics/analytics/heap/heap_cohort_import.md,57,will be added,is added,rerun
_docs/_partners/data_and_analytics/cloud_storage/microsoft_azure_blob_storage_for_currents.md,86,will be,is,rerun
_docs/_partners/data_and_analytics/cloud_storage/microsoft_azure_blob_storage_for_currents.md,86,will be,is,rerun
_docs/_partners/data_and_analytics/cloud_storage/microsoft_azure_blob_storage_for_currents.md,94,will be,is,rerun
_docs/_partners/data_and_analytics/cloud_storage/google_cloud_storage_for_currents.md,83,will be,is,rerun
_docs/_partners/data_and_analytics/cloud_storage/google_cloud_storage_for_currents.md,83,will be,is,rerun
_docs/_partners/data_and_analytics/cloud_storage/google_cloud_storage_for_currents.md,94,will be,is,rerun
_docs/_partners/data_and_analytics/cloud_storage/google_cloud_storage_for_currents.md,121,will be,is,rerun
_docs/_partners/data_and_analytics/cloud_storage/amazon_s3.md,63,you will,you,rerun
_docs/_partners/data_and_analytics/cloud_storage/amazon_s3.md,140,will be,is,rerun
_docs/_partners/data_and_analytics/cloud_storage/amazon_s3.md,140,will be,is,rerun
_docs/_partners/data_and_analytics/cloud_storage/amazon_s3.md,244,you will,you,rerun
_docs/_partners/data_and_analytics/cloud_storage/amazon_s3.md,318,will be,is,rerun
_docs/_partners/data_and_analytics/cloud_storage/amazon_s3.md,324,will be,is,rerun
_docs/_partners/data_and_analytics/cloud_storage/amazon_s3.md,326,you will,you,rerun
_docs/_partners/additional_channels_and_extensions/extensions/landing_pages/digioh.md,29,will be,is,rerun
_docs/_partners/additional_channels_and_extensions/extensions/landing_pages/digioh.md,34,you will,you,rerun
_docs/_partners/additional_channels_and_extensions/extensions/landing_pages/komo.md,30,You will,You,rerun
_docs/_partners/additional_channels_and_extensions/extensions/landing_pages/komo.md,40,will be,is,rerun
_docs/_partners/additional_channels_and_extensions/extensions/landing_pages/komo.md,56,You will,You,rerun
_docs/_partners/additional_channels_and_extensions/extensions/learning/edume.md,26,will be,is,rerun
_docs/_partners/additional_channels_and_extensions/extensions/learning/edume.md,27,You will,You,rerun
_docs/_partners/additional_channels_and_extensions/extensions/learning/edume.md,57,will be added,is added,rerun
_docs/_partners/additional_channels_and_extensions/extensions/learning/edume.md,57,You will,You,rerun
_docs/_partners/additional_channels_and_extensions/extensions/learning/edume.md,58,will be available,is available,rerun
_docs/_partners/additional_channels_and_extensions/extensions/surveys/iterate.md,74,you will,you,rerun
_docs/_partners/additional_channels_and_extensions/extensions/surveys/typeform.md,48,will be,is,rerun
_docs/_partners/additional_channels_and_extensions/extensions/surveys/typeform.md,48,you will,you,rerun
_docs/_partners/additional_channels_and_extensions/extensions/surveys/typeform.md,329,will be,is,rerun
_docs/_partners/additional_channels_and_extensions/extensions/surveys/typeform.md,329,will be,is,rerun
_docs/_partners/additional_channels_and_extensions/extensions/surveys/typeform.md,617,will be,is,rerun
_docs/_partners/additional_channels_and_extensions/extensions/surveys/jebbit.md,44,will be,is,rerun
_docs/_partners/additional_channels_and_extensions/additional_channels/mobile_wallet/passkit.md,25,You will,You,rerun
_docs/_partners/additional_channels_and_extensions/additional_channels/mobile_wallet/passkit.md,26,you will,you,rerun
_docs/_partners/additional_channels_and_extensions/additional_channels/mobile_wallet/passkit.md,26,will be,is,rerun
_docs/_partners/additional_channels_and_extensions/additional_channels/mobile_wallet/passkit.md,53,will be,is,rerun
_docs/_partners/additional_channels_and_extensions/additional_channels/mobile_wallet/passkit.md,57,will be,is,rerun
_docs/_partners/additional_channels_and_extensions/additional_channels/mobile_wallet/passkit.md,56,you will,you,rerun
_docs/_partners/additional_channels_and_extensions/additional_channels/mobile_wallet/passkit.md,97,we will,we,rerun
_docs/_partners/additional_channels_and_extensions/additional_channels/mobile_wallet/passkit.md,106,will be,is,rerun
_docs/_partners/additional_channels_and_extensions/additional_channels/mobile_wallet/passkit.md,138,you will,you,rerun
_docs/_partners/additional_channels_and_extensions/additional_channels/mobile_wallet/passkit.md,204,will be,is,rerun
_docs/_partners/additional_channels_and_extensions/additional_channels/instant_chat/messenger.md,28,will be,is,rerun
_docs/_partners/additional_channels_and_extensions/additional_channels/instant_chat/messenger.md,23,You will,You,rerun
_docs/_partners/additional_channels_and_extensions/additional_channels/instant_chat/messenger.md,44,will be,is,rerun
_docs/_partners/additional_channels_and_extensions/additional_channels/instant_chat/messenger.md,65,will be,is,rerun
_docs/_partners/additional_channels_and_extensions/additional_channels/instant_chat/sendbird.md,54,you will,you,rerun
_docs/_partners/additional_channels_and_extensions/additional_channels/instant_chat/sendbird.md,111,will be,is,rerun
_docs/_partners/additional_channels_and_extensions/additional_channels/instant_chat/front.md,26,will be,is,rerun
_docs/_partners/additional_channels_and_extensions/additional_channels/instant_chat/front.md,27,will be,is,rerun
_docs/_partners/additional_channels_and_extensions/additional_channels/instant_chat/front.md,108,will be,is,rerun
_docs/_partners/additional_channels_and_extensions/additional_channels/instant_chat/front.md,123,will be,is,rerun
_docs/_partners/additional_channels_and_extensions/additional_channels/instant_chat/front.md,147,will be,is,rerun
_docs/_partners/additional_channels_and_extensions/additional_channels/instant_chat/front.md,221,will be,is,rerun
_docs/_partners/additional_channels_and_extensions/additional_channels/instant_chat/front.md,221,will be,is,rerun
_docs/_partners/additional_channels_and_extensions/additional_channels/instant_chat/zendesk_chat.md,21,will be,is,rerun
_docs/_partners/additional_channels_and_extensions/additional_channels/instant_chat/zendesk_chat.md,73,will be,is,rerun
_docs/_partners/additional_channels_and_extensions/additional_channels/instant_chat/zendesk_chat.md,89,will be,is,rerun
_docs/_partners/additional_channels_and_extensions/additional_channels/instant_chat/zendesk_chat.md,178,will be,is,rerun
_docs/_partners/additional_channels_and_extensions/additional_channels/instant_chat/regal.md,229,will be,is,rerun
_docs/_partners/additional_channels_and_extensions/additional_channels/instant_chat/regal.md,241,you will,you,rerun
_docs/_partners/additional_channels_and_extensions/additional_channels/instant_chat/regal.md,248,will be created,is created,rerun
_docs/_partners/additional_channels_and_extensions/additional_channels/instant_chat/regal.md,248,will be,is,rerun
_docs/_partners/additional_channels_and_extensions/additional_channels/advertising/liveramp.md,53,will be,is,rerun
_docs/_partners/additional_channels_and_extensions/additional_channels/advertising/liveramp.md,149,will be,is,rerun
_docs/_partners/additional_channels_and_extensions/additional_channels/direct_mail/inkit.md,28,you will,you,rerun
_docs/_partners/additional_channels_and_extensions/additional_channels/direct_mail/inkit.md,49,you will,you,rerun
_docs/_partners/additional_channels_and_extensions/additional_channels/direct_mail/optilyz.md,26,will provide,provides,rerun
_docs/_partners/additional_channels_and_extensions/additional_channels/direct_mail/optilyz.md,48,will provide,provides,rerun
_docs/_partners/ecommerce/ordering_payments_subscription/revenuecat.md,23,you will,you,rerun
_docs/_partners/ecommerce/ordering_payments_subscription/revenuecat.md,113,will send,sends,rerun
_docs/_partners/ecommerce/ordering_payments_subscription/revenuecat.md,120,will send,sends,rerun
_docs/_partners/ecommerce/ordering_payments_subscription/revenuecat.md,145,will be,is,rerun
_docs/_partners/ecommerce/ordering_payments_subscription/stripe.md,46,will be,is,rerun
_docs/_partners/ecommerce/ordering_payments_subscription/stripe.md,69,will be,is,rerun
_docs/_partners/ecommerce/ordering_payments_subscription/stripe.md,240,will be,is,rerun
_docs/_partners/ecommerce/ordering_payments_subscription/stripe.md,240,will be,is,rerun
_docs/_partners/ecommerce/ordering_payments_subscription/olo.md,46,will be,is,rerun
_docs/_partners/ecommerce/ordering_payments_subscription/olo.md,55,will be,is,rerun
_docs/_partners/ecommerce/ordering_payments_subscription/olo.md,59,will be,is,rerun
_docs/_partners/ecommerce/ordering_payments_subscription/olo.md,59,you will,you,rerun
_docs/_partners/ecommerce/ordering_payments_subscription/olo.md,85,you will,you,rerun
_docs/_partners/ecommerce/ordering_payments_subscription/olo.md,89,you will,you,rerun
_docs/_partners/ecommerce/ordering_payments_subscription/olo.md,245,will start,starts,rerun
_docs/_partners/ecommerce/analytics_workflow/peak.md,33,will be,is,rerun
_docs/_partners/ecommerce/analytics_workflow/tangerine.md,46,will be,is,rerun
_docs/_partners/ecommerce/analytics_workflow/wunderkind.md,30,will be,is,rerun
_docs/_partners/ecommerce/payments/transcend.md,36,you will,you,rerun
_docs/_partners/ecommerce/shopify/discount_codes.md,72,will be,is,rerun
_docs/_partners/ecommerce/shopify/discount_codes.md,84,will receive,receives,rerun
_docs/_partners/ecommerce/shopify/shopify_standard_integration.md,58,will be,is,rerun
_docs/_partners/ecommerce/shopify/shopify_standard_integration.md,75,will be,is,rerun
_docs/_partners/ecommerce/shopify/shopify_standard_integration.md,82,will be,is,rerun
_docs/_partners/ecommerce/shopify/shopify_standard_integration.md,223,will be,is,rerun
_docs/_partners/ecommerce/shopify/shopify_standard_integration.md,261,you will,you,rerun
_docs/_partners/ecommerce/shopify/shopify_overview.md,33,we will,we,rerun
_docs/_partners/ecommerce/shopify/shopify_overview.md,35,will be,is,rerun
_docs/_partners/ecommerce/shopify/shopify_overview.md,49,you will,you,rerun
_docs/_partners/ecommerce/shopify/shopify_overview.md,80,will be,is,rerun
_docs/_partners/ecommerce/shopify/shopify_overview.md,84,will be,is,rerun
_docs/_partners/ecommerce/shopify/multiple_stores.md,51,will receive,receives,rerun
_docs/_partners/ecommerce/shopify/multiple_stores.md,65,will be,is,rerun
_docs/_partners/ecommerce/shopify/multiple_stores.md,105,will be,is,rerun
_docs/_partners/ecommerce/shopify/shopify_data_features.md,795,will update,updates,rerun
_docs/_partners/ecommerce/shopify/shopify_data_features.md,820,you will,you,rerun
_docs/_partners/ecommerce/shopify/shopify_data_features.md,829,we will,we,rerun
_docs/_partners/ecommerce/shopify/shopify_data_features.md,832,will be,is,rerun
_docs/_partners/ecommerce/shopify/shopify_custom_integration.md,592,will be,is,rerun
_docs/_partners/ecommerce/shopify/shopify_custom_integration.md,604,will be,is,rerun
_docs/_partners/ecommerce/shopify/shopify_custom_integration.md,729,will be,is,rerun
_docs/_partners/ecommerce/shopify/shopify_catalogs.md,13,will update,updates,rerun
_docs/_partners/ecommerce/shopify/shopify_catalogs.md,35,will be,is,rerun
_docs/_partners/ecommerce/shopify/shopify_catalogs.md,45,will receive,receives,rerun
_docs/_partners/ecommerce/shopify/shopify_catalogs.md,51,will receive,receives,rerun
_docs/_partners/ecommerce/shopify/shopify_catalogs.md,105,will be,is,rerun
_docs/_partners/ecommerce/shopify/shopify_catalogs.md,92,you will,you,rerun
_docs/_partners/ecommerce/loyalty/swym.md,54,will be,is,rerun
_docs/_partners/ecommerce/loyalty/voucherify/voucherify_distribution_with_braze_custom_attributes.md,63,will be,is,rerun
_docs/_partners/ecommerce/loyalty/voucherify/voucherify_distribution_with_braze_custom_attributes.md,71,will be added,is added,rerun
_docs/_partners/ecommerce/loyalty/voucherify/voucherify_using_braze_promotion_codes_list.md,31,will be,is,rerun
_docs/_partners/ecommerce/loyalty/voucherify/voucherify_fetching_data_through_braze_connected_content.md,69,will receive,receives,rerun
_docs/_partners/ecommerce/loyalty/voucherify/voucherify_fetching_data_through_braze_connected_content.md,87,will receive,receives,rerun
_docs/_partners/ecommerce/loyalty/voucherify/voucherify_fetching_data_through_braze_connected_content.md,243,will be,is,rerun
_docs/_partners/canvas_audience_sync/overview.md,18,you will,you,rerun
_docs/_partners/canvas_audience_sync/overview.md,78,will provide,provides,rerun
_docs/_partners/canvas_audience_sync/overview.md,78,will be available,is available,rerun
_docs/_partners/canvas_audience_sync/overview.md,92,will receive,receives,rerun
_docs/_partners/canvas_audience_sync/overview.md,96,will receive,receives,rerun
_docs/_partners/canvas_audience_sync/overview.md,106,will be,is,rerun
_docs/_partners/canvas_audience_sync/snapchat_audience_sync.md,56,will be,is,rerun
_docs/_partners/canvas_audience_sync/snapchat_audience_sync.md,60,will be,is,rerun
_docs/_partners/canvas_audience_sync/snapchat_audience_sync.md,86,will be,is,rerun
_docs/_partners/canvas_audience_sync/snapchat_audience_sync.md,104,will be created,is created,rerun
_docs/_partners/canvas_audience_sync/snapchat_audience_sync.md,104,will be,is,rerun
_docs/_partners/canvas_audience_sync/snapchat_audience_sync.md,132,will be,is,rerun
_docs/_partners/canvas_audience_sync/criteo_audience_sync.md,32,You will,You,rerun
_docs/_partners/canvas_audience_sync/criteo_audience_sync.md,48,will appear,appears,rerun
_docs/_partners/canvas_audience_sync/criteo_audience_sync.md,54,will be,is,rerun
_docs/_partners/canvas_audience_sync/criteo_audience_sync.md,58,will be,is,rerun
_docs/_partners/canvas_audience_sync/criteo_audience_sync.md,64,will be,is,rerun
_docs/_partners/canvas_audience_sync/criteo_audience_sync.md,97,will be,is,rerun
_docs/_partners/canvas_audience_sync/criteo_audience_sync.md,114,will be created,is created,rerun
_docs/_partners/canvas_audience_sync/criteo_audience_sync.md,114,will be,is,rerun
_docs/_partners/canvas_audience_sync/criteo_audience_sync.md,142,will be,is,rerun
_docs/_partners/canvas_audience_sync/facebook_audience_sync.md,17,will be,is,rerun
_docs/_partners/canvas_audience_sync/facebook_audience_sync.md,53,will appear,appears,rerun
_docs/_partners/canvas_audience_sync/facebook_audience_sync.md,64,You will,You,rerun
_docs/_partners/canvas_audience_sync/facebook_audience_sync.md,120,will be,is,rerun
_docs/_partners/canvas_audience_sync/facebook_audience_sync.md,128,will be created,is created,rerun
_docs/_partners/canvas_audience_sync/facebook_audience_sync.md,128,will be,is,rerun
_docs/_partners/canvas_audience_sync/facebook_audience_sync.md,130,will be,is,rerun
_docs/_partners/canvas_audience_sync/facebook_audience_sync.md,150,will be,is,rerun
_docs/_partners/canvas_audience_sync/linkedin_audience_sync.md,50,will be,is,rerun
_docs/_partners/canvas_audience_sync/linkedin_audience_sync.md,54,will be,is,rerun
_docs/_partners/canvas_audience_sync/linkedin_audience_sync.md,60,will be,is,rerun
_docs/_partners/canvas_audience_sync/linkedin_audience_sync.md,99,will be,is,rerun
_docs/_partners/canvas_audience_sync/linkedin_audience_sync.md,118,will be created,is created,rerun
_docs/_partners/canvas_audience_sync/linkedin_audience_sync.md,118,will be,is,rerun
_docs/_partners/canvas_audience_sync/linkedin_audience_sync.md,146,will be,is,rerun
_docs/_partners/canvas_audience_sync/faq.md,26,will be,is,rerun
_docs/_partners/canvas_audience_sync/faq.md,32,will be,is,rerun
_docs/_partners/canvas_audience_sync/faq.md,26,you will,you,rerun
_docs/_partners/canvas_audience_sync/pinterest_audience_sync.md,59,will be,is,rerun
_docs/_partners/canvas_audience_sync/pinterest_audience_sync.md,85,will be,is,rerun
_docs/_partners/canvas_audience_sync/pinterest_audience_sync.md,102,will be created,is created,rerun
_docs/_partners/canvas_audience_sync/pinterest_audience_sync.md,102,will be,is,rerun
_docs/_partners/canvas_audience_sync/pinterest_audience_sync.md,130,will be,is,rerun
_docs/_partners/canvas_audience_sync/pinterest_audience_sync.md,137,will update,updates,rerun
_docs/_partners/canvas_audience_sync/tiktok_audience_sync.md,53,you will,you,rerun
_docs/_partners/canvas_audience_sync/tiktok_audience_sync.md,57,will be,is,rerun
_docs/_partners/canvas_audience_sync/tiktok_audience_sync.md,85,will be,is,rerun
_docs/_partners/canvas_audience_sync/tiktok_audience_sync.md,103,will be created,is created,rerun
_docs/_partners/canvas_audience_sync/tiktok_audience_sync.md,103,will be,is,rerun
_docs/_partners/canvas_audience_sync/tiktok_audience_sync.md,131,will be,is,rerun
_docs/_partners/canvas_audience_sync/tiktok_audience_sync.md,150,will update,updates,rerun
_docs/_partners/canvas_audience_sync/google_audience_sync.md,43,will be,is,rerun
_docs/_partners/canvas_audience_sync/google_audience_sync.md,74,will continue to,continues to,rerun
_docs/_partners/canvas_audience_sync/google_audience_sync.md,83,will be,is,rerun
_docs/_partners/canvas_audience_sync/google_audience_sync.md,89,will be available,is available,rerun
_docs/_partners/canvas_audience_sync/google_audience_sync.md,114,will be,is,rerun
_docs/_partners/canvas_audience_sync/google_audience_sync.md,148,will be,is,rerun
_docs/_partners/canvas_audience_sync/google_audience_sync.md,182,will provide,provides,rerun
_docs/_partners/canvas_audience_sync/google_audience_sync.md,191,will be,is,rerun
_docs/_partners/canvas_audience_sync/google_audience_sync.md,194,will be,is,rerun
_docs/_partners/canvas_audience_sync/google_audience_sync.md,211,will be,is,rerun
_docs/_partners/message_orchestration/deeplinking/appsflyer/appsflyer.md,38,you will,you,rerun
_docs/_partners/message_orchestration/deeplinking/appsflyer/appsflyer.md,53,will be,is,rerun
_docs/_partners/message_orchestration/deeplinking/appsflyer/appsflyer.md,102,you will,you,rerun
_docs/_partners/message_orchestration/deeplinking/appsflyer/appsflyer.md,135,will be added,is added,rerun
_docs/_partners/message_orchestration/attribution/branch_for_attribution.md,37,you will,you,rerun
_docs/_partners/message_orchestration/attribution/branch_for_attribution.md,55,will be,is,rerun
_docs/_partners/message_orchestration/attribution/branch_for_attribution.md,87,you will,you,rerun
_docs/_partners/message_orchestration/attribution/airbridge.md,38,you will,you,rerun
_docs/_partners/message_orchestration/attribution/airbridge.md,197,you will,you,rerun
_docs/_partners/message_orchestration/attribution/kochava.md,45,will be,is,rerun
_docs/_partners/message_orchestration/attribution/kochava.md,50,you will,you,rerun
_docs/_partners/message_orchestration/attribution/kochava.md,67,you will,you,rerun
_docs/_partners/message_orchestration/attribution/kochava.md,71,will be,is,rerun
_docs/_partners/message_orchestration/attribution/singular.md,36,you will,you,rerun
_docs/_partners/message_orchestration/attribution/singular.md,46,will be,is,rerun
_docs/_partners/message_orchestration/attribution/singular.md,79,you will,you,rerun
_docs/_partners/message_orchestration/attribution/singular.md,81,You will,You,rerun
_docs/_partners/message_orchestration/attribution/adjust.md,46,will be,is,rerun
_docs/_partners/message_orchestration/attribution/adjust.md,57,will be,is,rerun
_docs/_partners/message_orchestration/attribution/adjust.md,59,will be,is,rerun
_docs/_partners/message_orchestration/attribution/adjust.md,70,you will,you,rerun
_docs/_partners/message_orchestration/attribution/adjust.md,70,you will,you,rerun
_docs/_partners/message_orchestration/attribution/adjust.md,77,you will,you,rerun
_docs/_partners/message_orchestration/templates/alpaco.md,26,will be,is,rerun
_docs/_partners/message_orchestration/templates/alpaco.md,69,will appear,appears,rerun
_docs/_partners/message_orchestration/templates/taxi_for_email.md,27,will be,is,rerun
_docs/_partners/message_orchestration/templates/smartersends.md,74,will be,is,rerun
_docs/_partners/message_orchestration/templates/iam_studio.md,75,will be,is,rerun
_docs/_partners/message_orchestration/templates/sageflo.md,27,will be,is,rerun
_docs/_partners/message_orchestration/templates/sageflo.md,41,will be,is,rerun
_docs/_partners/message_orchestration/templates/stensul.md,49,You will,You,rerun
_docs/_partners/message_orchestration/retargeting/facebook.md,35,you will,you,rerun
_docs/_partners/message_orchestration/retargeting/facebook.md,52,will be,is,rerun
_docs/_partners/message_orchestration/retargeting/facebook.md,56,You will,You,rerun
_docs/_partners/message_orchestration/retargeting/facebook.md,69,will be,is,rerun
_docs/_partners/message_orchestration/retargeting/facebook.md,69,will be,is,rerun
_docs/_partners/message_orchestration/retargeting/facebook.md,79,will receive,receives,rerun
_docs/_partners/message_orchestration/retargeting/facebook.md,93,will be,is,rerun
_docs/_partners/message_orchestration/retargeting/remerge.md,26,will be,is,rerun
_docs/_partners/message_orchestration/retargeting/quikly.md,93,will be,is,rerun
_docs/_partners/message_orchestration/retargeting/quikly.md,93,will be,is,rerun
_docs/_partners/message_orchestration/retargeting/jampp.md,67,will appear,appears,rerun
_docs/_partners/message_orchestration/retargeting/jampp.md,69,you will,you,rerun
_docs/_partners/message_orchestration/retargeting/adikteev.md,71,you will,you,rerun
_docs/_partners/message_personalization/referrals/friendbuy.md,52,will be,is,rerun
_docs/_partners/message_personalization/referrals/friendbuy.md,54,will be,is,rerun
_docs/_partners/message_personalization/referrals/mention_me.md,37,will send,sends,rerun
_docs/_partners/message_personalization/referrals/mention_me.md,37,will be,is,rerun
_docs/_partners/message_personalization/referrals/extole.md,55,will send,sends,rerun
_docs/_partners/message_personalization/referrals/extole.md,74,will send,sends,rerun
_docs/_partners/message_personalization/location/bluedot.md,52,will send,sends,rerun
_docs/_partners/message_personalization/location/bluedot.md,54,will send,sends,rerun
_docs/_partners/message_personalization/location/foursquare.md,30,will receive,receives,rerun
_docs/_partners/message_personalization/location/foursquare.md,51,will send,sends,rerun
_docs/_partners/message_personalization/location/radar.md,49,will send,sends,rerun
_docs/_partners/message_personalization/location/radar.md,49,will be,is,rerun
_docs/_partners/message_personalization/location/radar.md,49,will be,is,rerun
_docs/_partners/message_personalization/location/radar.md,63,will be,is,rerun
_docs/_partners/message_personalization/dynamic_content/visual_and_interactive_content/worthy.md,20,will appear,appears,rerun
_docs/_partners/message_personalization/dynamic_content/visual_and_interactive_content/worthy.md,36,You will,You,rerun
_docs/_partners/message_personalization/dynamic_content/visual_and_interactive_content/yotpo.md,25,will be,is,rerun
_docs/_partners/message_personalization/dynamic_content/visual_and_interactive_content/yotpo.md,26,will be,is,rerun
_docs/_partners/message_personalization/dynamic_content/visual_and_interactive_content/yotpo.md,29,will be,is,rerun
_docs/_partners/message_personalization/dynamic_content/visual_and_interactive_content/yotpo.md,72,will be,is,rerun
_docs/_partners/message_personalization/dynamic_content/visual_and_interactive_content/yotpo.md,95,will be,is,rerun
_docs/_partners/message_personalization/dynamic_content/visual_and_interactive_content/yotpo.md,124,will be,is,rerun
_docs/_partners/message_personalization/dynamic_content/visual_and_interactive_content/yotpo.md,164,will be,is,rerun
_docs/_partners/message_personalization/dynamic_content/visual_and_interactive_content/yotpo.md,168,will be,is,rerun
_docs/_partners/message_personalization/dynamic_content/visual_and_interactive_content/seen.md,26,will be,is,rerun
_docs/_partners/message_personalization/dynamic_content/visual_and_interactive_content/seen.md,55,will receive,receives,rerun
_docs/_partners/message_personalization/dynamic_content/visual_and_interactive_content/seen.md,74,will receive,receives,rerun
_docs/_partners/message_personalization/dynamic_content/visual_and_interactive_content/seen.md,87,will be,is,rerun
_docs/_partners/message_personalization/dynamic_content/visual_and_interactive_content/stylitics.md,46,you will,you,rerun
_docs/_partners/message_personalization/dynamic_content/visual_and_interactive_content/future_anthem.md,80, You, you,rerun
_docs/_partners/message_personalization/dynamic_content/visual_and_interactive_content/future_anthem.md,83, You, you,rerun
_docs/_partners/message_personalization/dynamic_content/visual_and_interactive_content/future_anthem.md,84, You, you,rerun
_docs/_partners/message_personalization/dynamic_content/visual_and_interactive_content/movable_ink.md,63,will appear,appears,rerun
_docs/_partners/message_personalization/dynamic_content/visual_and_interactive_content/movable_ink.md,74,will be,is,rerun
_docs/_partners/message_personalization/dynamic_content/visual_and_interactive_content/movable_ink.md,98,will be,is,rerun
_docs/_partners/message_personalization/dynamic_content/visual_and_interactive_content/movable_ink.md,150,will be,is,rerun
_docs/_partners/message_personalization/dynamic_content/visual_and_interactive_content/storyly.md,48,will be,is,rerun
_docs/_partners/message_personalization/dynamic_content/visual_and_interactive_content/storyly.md,60,will be,is,rerun
_docs/_partners/message_personalization/dynamic_content/visual_and_interactive_content/storyly.md,54,you will,you,rerun
_docs/_partners/message_personalization/dynamic_content/visual_and_interactive_content/odicci.md,32, You, you,rerun
_docs/_partners/message_personalization/dynamic_content/visual_and_interactive_content/movable_ink/da_vinci.md,21,will provide,provides,rerun
_docs/_partners/message_personalization/dynamic_content/visual_and_interactive_content/movable_ink/da_vinci.md,27,will provide,provides,rerun
_docs/_partners/message_personalization/dynamic_content/visual_and_interactive_content/movable_ink/da_vinci.md,27,You will,You,rerun
_docs/_partners/message_personalization/dynamic_content/visual_and_interactive_content/movable_ink/customer_data_api.md,13,will be,is,rerun
_docs/_partners/message_personalization/dynamic_content/visual_and_interactive_content/movable_ink/customer_data_api.md,26,will be,is,rerun
_docs/_partners/message_personalization/dynamic_content/visual_and_interactive_content/movable_ink/customer_data_api.md,27,You will,You,rerun
_docs/_partners/message_personalization/dynamic_content/visual_and_interactive_content/movable_ink/customer_data_api.md,28,You will,You,rerun
_docs/_partners/message_personalization/dynamic_content/visual_and_interactive_content/movable_ink/customer_data_api.md,28,You will,You,rerun
_docs/_partners/message_personalization/dynamic_content/visual_and_interactive_content/movable_ink/customer_data_api.md,68,You will,You,rerun
_docs/_partners/message_personalization/dynamic_content/visual_and_interactive_content/movable_ink/customer_data_api.md,71,you will,you,rerun
_docs/_partners/message_personalization/dynamic_content/visual_and_interactive_content/movable_ink/dynamic_sms_link.md,36,will be,is,rerun
_docs/_partners/message_personalization/dynamic_content/personalized_recommendations/personalize.md,50,will continue to,continues to,rerun
_docs/_partners/message_personalization/dynamic_content/personalized_recommendations/personalize.md,44,will be,is,rerun
_docs/_partners/message_personalization/dynamic_content/personalized_recommendations/amazon_personalize/amazon_personalize.md,43,we will,we,rerun
_docs/_partners/message_personalization/dynamic_content/personalized_recommendations/amazon_personalize/amazon_personalize.md,71,we will,we,rerun
_docs/_partners/message_personalization/dynamic_content/personalized_recommendations/amazon_personalize/workshop.md,22,You will,You,rerun
_docs/_partners/message_personalization/dynamic_content/personalized_recommendations/amazon_personalize/workshop.md,35,will send,sends,rerun
_docs/_partners/message_personalization/dynamic_content/personalized_recommendations/amazon_personalize/workshop.md,39,will be,is,rerun
_docs/_partners/message_personalization/dynamic_content/personalized_recommendations/amazon_personalize/workshop.md,39,you will,you,rerun
_docs/_partners/message_personalization/dynamic_content/content_optimization_testing/trustpilot.md,36,will be,is,rerun
_docs/_partners/message_personalization/dynamic_content/content_optimization_testing/trustpilot.md,26,You will,You,rerun
_docs/_partners/message_personalization/dynamic_content/content_optimization_testing/notify.md,24,will be,is,rerun
_docs/_partners/message_personalization/dynamic_content/content_optimization_testing/just_words.md,86,will receive,receives,rerun
_docs/_partners/message_personalization/dynamic_content/content_optimization_testing/jacquard.md,30,will be,is,rerun
_docs/_partners/message_personalization/dynamic_content/personalization_engines/sheetlabs.md,43,You will,You,rerun
_docs/_partners/message_personalization/dynamic_content/personalization_engines/sheetlabs.md,51,You will,You,rerun
_docs/_partners/message_personalization/localization/crowdin.md,26,you will,you,rerun
_docs/_partners/message_personalization/localization/transifex.md,45,will be,is,rerun
_docs/_partners/message_personalization/localization/transifex.md,45,will be,is,rerun
_docs/_partners/message_personalization/localization/smartling.md,34,You will,You,rerun
_docs/_partners/message_personalization/localization/smartling.md,70,you will,you,rerun
_docs/_partners/message_personalization/localization/phrase.md,77,will appear,appears,rerun
_docs/_partners/message_personalization/localization/phrase.md,78,will be available,is available,rerun
_docs/_partners/message_personalization/localization/lokalise.md,39,will be,is,rerun
_docs/_partners/message_personalization/localization/lokalise.md,31,you will,you,rerun
_docs/_partners/message_personalization/localization/lokalise.md,35,you will,you,rerun
_docs/_partners/message_personalization/localization/lokalise.md,67,You will,You,rerun
_docs/_partners/message_personalization/localization/lokalise.md,76,you will,you,rerun
_docs/_partners/message_personalization/localization/lokalise.md,80,You will,You,rerun
